post_id,campaign_id,creator_id,post_date,platform,format,views_at_24h,views_at_7d,views_at_30d,views_final,total_payout_earned,flagged_suspicious
P00001,C001,CR0049,2024-01-18,youtube,short,10,72,322,322,0,False
P00002,C001,CR0049,2024-01-21,youtube,long_form,10,101,119,119,0,False
P00003,C001,CR0122,2024-01-05,youtube,short,9,44,56,56,0,False
P00004,C001,CR0167,2024-01-21,youtube,long_form,171,350,362,362,0,False
P00005,C001,CR0167,2024-01-26,youtube,long_form,16,208,231,231,0,False
P00006,C001,CR0167,2024-01-31,youtube,long_form,15,38,38,38,0,False
P00007,C001,CR0237,2024-02-05,youtube,short,6,6,6,6,0,False
P00008,C001,CR0268,2024-01-16,youtube,short,17,62,72,72,0,False
P00009,C001,CR0268,2024-01-25,youtube,short,9,29,31,31,0,False
P00010,C001,CR0275,2024-01-03,youtube,long_form,24,74,1154,1228,100,False
P00011,C001,CR0285,2024-01-25,youtube,long_form,11,26,26,26,0,False
P00012,C001,CR0366,2024-01-16,youtube,short,47,159,442,442,0,False
P00013,C001,CR0366,2024-01-18,youtube,short,38,487,869,869,100,False
P00014,C001,CR0386,2024-01-08,youtube,short,345,1144,2960,2960,600,False
P00015,C001,CR0387,2024-01-19,youtube,long_form,841,11631,21802,21802,5600,False
P00016,C001,CR0391,2024-01-16,youtube,long_form,14,93,114,114,0,False
P00017,C001,CR0391,2024-02-02,youtube,long_form,11,65,65,65,0,False
P00018,C001,CR0399,2024-01-19,youtube,short,11,61,91,91,0,False
P00019,C001,CR0399,2024-01-20,youtube,long_form,15,120,345,345,0,False
P00020,C001,CR0430,2024-02-04,youtube,long_form,115,197,197,197,0,False
P00021,C001,CR0431,2024-01-22,youtube,long_form,80,136,137,137,0,False
P00022,C001,CR0453,2024-01-28,youtube,long_form,15,150,164,164,0,False
P00023,C002,CR0013,2024-01-07,youtube,long_form,830,1680,2077,2078,200,False
P00024,C002,CR0013,2024-01-16,youtube,long_form,642,1406,1594,1594,200,False
P00025,C002,CR0031,2024-01-25,youtube,long_form,14,79,264,264,100,False
P00026,C002,CR0031,2024-01-28,youtube,long_form,12,66,277,277,100,False
P00027,C002,CR0041,2024-01-21,youtube,long_form,121,475,606,606,100,False
P00028,C002,CR0041,2024-01-24,youtube,long_form,99,696,696,696,100,False
P00029,C002,CR0041,2024-02-07,youtube,long_form,95,463,463,463,100,False
P00030,C002,CR0062,2024-01-28,youtube,long_form,725,2767,3333,3333,200,False
P00031,C002,CR0113,2024-01-14,youtube,short,1678,10846,23530,23530,1000,False
P00032,C002,CR0113,2024-01-15,youtube,short,2355,9972,10515,10515,1000,False
P00033,C002,CR0113,2024-01-16,youtube,short,1158,3614,3614,3614,200,False
P00034,C002,CR0113,2024-01-28,youtube,short,2104,75081,82684,82684,1000,False
P00035,C002,CR0116,2024-01-09,youtube,short,17,110,446,508,100,False
P00036,C002,CR0116,2024-01-11,youtube,long_form,14,118,192,192,0,False
P00037,C002,CR0130,2024-01-13,youtube,long_form,41,180,180,180,0,False
P00038,C002,CR0130,2024-01-20,youtube,long_form,44,173,218,218,100,False
P00039,C002,CR0203,2024-01-16,youtube,long_form,602,3796,10227,10227,1000,False
P00040,C002,CR0237,2024-02-01,youtube,short,10,74,104,104,0,False
P00041,C002,CR0237,2024-02-05,youtube,long_form,12,225,398,398,100,False
P00042,C002,CR0237,2024-02-11,youtube,long_form,19,55,55,55,0,False
P00043,C002,CR0254,2024-01-26,youtube,long_form,46139,87818,101060,101060,1000,False
P00044,C002,CR0269,2024-01-26,youtube,long_form,114,397,499,499,100,False
P00045,C002,CR0276,2024-01-28,youtube,long_form,30,89,99,99,0,False
P00046,C002,CR0276,2024-01-29,youtube,long_form,19,129,129,129,0,False
P00047,C002,CR0285,2024-01-15,youtube,long_form,26,159,307,307,100,False
P00048,C002,CR0298,2024-02-05,youtube,long_form,21,167,179,179,0,False
P00049,C002,CR0338,2024-02-01,youtube,short,12,47,80,80,0,False
P00050,C002,CR0419,2024-02-12,youtube,long_form,34,58,58,58,0,False
P00051,C002,CR0428,2024-01-10,youtube,long_form,19,53,73,75,0,False
P00052,C002,CR0428,2024-01-11,youtube,short,17,295,642,642,100,False
P00053,C002,CR0428,2024-01-15,youtube,long_form,35,185,222,222,100,False
P00054,C002,CR0428,2024-01-16,youtube,long_form,34,151,353,353,100,False
P00055,C002,CR0486,2024-02-01,youtube,short,519,5774,6523,6523,1000,False
P00056,C003,CR0009,2024-01-30,youtube,short,16,41,41,41,0,False
P00057,C003,CR0041,2024-01-24,youtube,short,79,507,663,663,100,False
P00058,C003,CR0088,2024-01-21,youtube,short,226,1948,2147,2147,200,False
P00059,C003,CR0088,2024-01-27,youtube,short,124,777,777,777,100,False
P00060,C003,CR0138,2024-01-22,youtube,long_form,6727,20962,22683,22683,2800,False
P00061,C003,CR0156,2024-01-26,youtube,short,18,28,28,28,0,False
P00062,C003,CR0156,2024-02-02,youtube,long_form,42,42,42,42,0,False
P00063,C003,CR0265,2024-01-27,youtube,short,15,51,51,51,0,False
P00064,C003,CR0292,2024-01-31,youtube,short,144,453,453,453,100,False
P00065,C003,CR0314,2024-02-02,youtube,long_form,458,458,458,458,100,False
P00066,C003,CR0336,2024-01-30,youtube,long_form,1357,3497,3497,3497,200,False
P00067,C003,CR0340,2024-01-17,youtube,short,130,1069,1550,1550,200,False
P00068,C003,CR0340,2024-01-29,youtube,long_form,86,244,244,244,100,False
P00069,C003,CR0340,2024-01-31,youtube,long_form,71,252,252,252,100,False
P00070,C003,CR0346,2024-01-31,youtube,short,375,1395,1395,1395,200,False
P00071,C003,CR0363,2024-01-26,youtube,short,21,171,183,183,0,False
P00072,C003,CR0363,2024-01-27,youtube,long_form,11,58,58,58,0,False
P00073,C003,CR0444,2024-01-16,youtube,long_form,24,315,328,328,100,False
P00074,C003,CR0486,2024-02-01,youtube,long_form,896,1761,1761,1761,200,False
P00075,C003,CR0490,2024-01-19,youtube,long_form,80,369,434,434,100,False
P00076,C004,CR0012,2024-01-24,instagram,carousel,116,617,684,684,0,False
P00077,C004,CR0020,2024-01-26,instagram,reel,63,295,295,295,0,False
P00078,C004,CR0030,2024-01-30,instagram,reel,45,169,169,169,0,False
P00079,C004,CR0053,2024-01-29,instagram,carousel,165,473,473,473,0,False
P00080,C004,CR0054,2024-01-31,instagram,reel,583,998,998,998,0,False
P00081,C004,CR0069,2024-01-27,instagram,carousel,702,12670,12670,12670,0,False
P00082,C004,CR0090,2024-01-23,instagram,carousel,78,550,776,776,0,False
P00083,C004,CR0103,2024-01-23,instagram,carousel,30961,119041,130709,130709,7900,False
P00084,C004,CR0105,2024-01-26,instagram,carousel,30,118,118,118,0,False
P00085,C004,CR0109,2024-01-18,instagram,reel,80,337,747,747,0,False
P00086,C004,CR0125,2024-01-26,instagram,reel,69,205,205,205,0,False
P00087,C004,CR0158,2024-01-31,instagram,reel,155,410,410,410,0,False
P00088,C004,CR0188,2024-01-31,instagram,reel,117,213,213,213,0,False
P00089,C004,CR0197,2024-01-17,instagram,carousel,186,430,430,430,0,False
P00090,C004,CR0205,2024-01-17,instagram,reel,82,258,286,286,0,False
P00091,C004,CR0211,2024-01-25,instagram,carousel,53,444,451,451,0,False
P00092,C004,CR0255,2024-01-24,instagram,reel,42,135,144,144,0,False
P00093,C004,CR0258,2024-01-23,instagram,carousel,68,313,326,326,0,False
P00094,C004,CR0271,2024-01-24,instagram,carousel,150,399,423,423,0,False
P00095,C004,CR0271,2024-01-31,instagram,reel,223,345,345,345,0,False
P00096,C004,CR0282,2024-01-20,instagram,carousel,107,355,429,429,0,False
P00097,C004,CR0282,2024-01-23,instagram,carousel,122,619,1138,1138,0,False
P00098,C004,CR0290,2024-01-30,instagram,reel,2351,8348,8348,8348,0,False
P00099,C004,CR0296,2024-01-26,instagram,carousel,58,432,432,432,0,False
P00100,C004,CR0299,2024-01-21,instagram,carousel,535,5185,5185,5185,0,False
P00101,C004,CR0311,2024-01-18,instagram,reel,2180,3868,4340,4340,0,False
P00102,C004,CR0311,2024-01-22,instagram,reel,180,612,729,729,0,False
P00103,C004,CR0311,2024-01-26,instagram,carousel,790,1447,1447,1447,0,False
P00104,C004,CR0311,2024-02-01,instagram,carousel,191,191,191,191,0,False
P00105,C004,CR0312,2024-02-01,instagram,carousel,38,38,38,38,0,False
P00106,C004,CR0360,2024-01-22,instagram,carousel,238,1415,1564,1564,0,False
P00107,C004,CR0362,2024-01-27,instagram,carousel,39,194,194,194,0,False
P00108,C004,CR0368,2024-01-25,instagram,reel,120,687,725,725,0,False
P00109,C004,CR0403,2024-01-17,instagram,carousel,3706,34258,58648,58648,7900,False
P00110,C004,CR0467,2024-01-26,instagram,reel,91,287,287,287,0,False
P00111,C004,CR0467,2024-01-29,instagram,carousel,42,154,154,154,0,False
P00112,C005,CR0008,2024-01-28,instagram,carousel,11717,63262,69234,69234,0,False
P00113,C005,CR0008,2024-01-29,instagram,carousel,8079,73922,80873,80873,0,False
P00114,C005,CR0030,2024-01-29,instagram,carousel,18,71,89,89,0,False
P00115,C005,CR0059,2024-02-01,instagram,reel,61,653,653,653,0,False
P00116,C005,CR0071,2024-01-31,instagram,carousel,25,117,120,120,0,False
P00117,C005,CR0089,2024-01-26,instagram,carousel,817,26461,65094,65094,0,False
P00118,C005,CR0089,2024-01-31,instagram,carousel,934,13034,15687,15687,0,False
P00119,C005,CR0090,2024-01-28,instagram,carousel,28,200,248,248,0,False
P00120,C005,CR0145,2024-02-05,instagram,carousel,3223,11976,11976,11976,0,False
P00121,C005,CR0166,2024-02-01,instagram,carousel,11,208,208,208,0,False
P00122,C005,CR0166,2024-02-02,instagram,reel,14,57,57,57,0,False
P00123,C005,CR0177,2024-01-31,instagram,reel,129,467,508,508,0,False
P00124,C005,CR0187,2024-01-29,instagram,reel,56,113,113,113,0,False
P00125,C005,CR0187,2024-02-02,instagram,reel,34,101,101,101,0,False
P00126,C005,CR0188,2024-01-31,instagram,carousel,76,162,166,166,0,False
P00127,C005,CR0197,2024-01-31,instagram,reel,152,1416,1522,1522,0,False
P00128,C005,CR0220,2024-02-03,instagram,carousel,1845,3742,3742,3742,0,False
P00129,C005,CR0263,2024-02-02,instagram,carousel,12308,33614,33614,33614,0,False
P00130,C005,CR0282,2024-02-02,instagram,reel,39,279,279,279,0,False
P00131,C005,CR0288,2024-02-07,instagram,carousel,65,65,65,65,0,False
P00132,C005,CR0311,2024-02-05,instagram,carousel,89,197,197,197,0,False
P00133,C005,CR0316,2024-01-29,instagram,carousel,320,2547,2666,2666,0,False
P00134,C005,CR0330,2024-02-04,instagram,reel,22,81,81,81,0,False
P00135,C005,CR0342,2024-02-07,instagram,reel,2712,2712,2712,2712,0,False
P00136,C005,CR0354,2024-02-07,instagram,carousel,412,412,412,412,0,False
P00137,C005,CR0374,2024-02-06,instagram,reel,34,58,58,58,0,False
P00138,C005,CR0383,2024-01-26,instagram,carousel,39,159,250,250,0,False
P00139,C005,CR0393,2024-02-06,instagram,carousel,3505,6962,6962,6962,0,False
P00140,C005,CR0404,2024-01-27,instagram,carousel,15,85,85,85,0,False
P00141,C005,CR0413,2024-01-29,instagram,carousel,530,1800,1968,1968,0,False
P00142,C005,CR0413,2024-01-30,instagram,reel,303,3140,5260,5260,0,False
P00143,C005,CR0422,2024-02-02,instagram,carousel,22042,64354,64354,64354,0,False
P00144,C005,CR0429,2024-02-01,instagram,carousel,6695,29991,29991,29991,0,False
P00145,C005,CR0450,2024-01-28,instagram,carousel,1481,4659,5416,5416,0,False
P00146,C006,CR0012,2024-02-09,instagram,carousel,36,126,135,135,0,False
P00147,C006,CR0014,2024-02-05,instagram,reel,56,225,229,229,0,False
P00148,C006,CR0050,2024-02-06,instagram,carousel,149,2617,4560,4560,200,False
P00149,C006,CR0053,2024-02-04,instagram,reel,29,225,345,345,0,False
P00150,C006,CR0089,2024-02-06,instagram,carousel,598,7982,10489,10489,1200,False
P00151,C006,CR0096,2024-02-02,instagram,carousel,45,157,190,190,0,False
P00152,C006,CR0114,2024-02-09,instagram,reel,188,590,622,622,100,False
P00153,C006,CR0146,2024-02-02,instagram,carousel,3303,17725,18302,18302,1200,False
P00154,C006,CR0146,2024-02-12,instagram,carousel,3242,12021,12021,12021,1200,False
P00155,C006,CR0146,2024-02-13,instagram,carousel,4738,37807,37807,37807,1200,False
P00156,C006,CR0149,2024-02-07,instagram,carousel,66,892,1861,1861,100,False
P00157,C006,CR0152,2024-02-03,instagram,carousel,10,51,99,99,0,False
P00158,C006,CR0168,2024-02-12,instagram,carousel,13,72,72,72,0,False
P00159,C006,CR0168,2024-02-16,instagram,reel,13,24,24,24,0,False
P00160,C006,CR0186,2024-02-12,instagram,carousel,126,532,532,532,100,False
P00161,C006,CR0186,2024-02-18,instagram,carousel,173,173,173,173,0,False
P00162,C006,CR0225,2024-02-10,instagram,carousel,23,91,98,98,0,False
P00163,C006,CR0304,2024-02-02,instagram,carousel,9,168,473,473,0,False
P00164,C006,CR0304,2024-02-07,instagram,carousel,9,148,197,197,0,False
P00165,C006,CR0311,2024-02-07,instagram,reel,32,706,2043,2043,200,False
P00166,C006,CR0311,2024-02-14,instagram,carousel,35,162,162,162,0,False
P00167,C006,CR0311,2024-02-15,instagram,carousel,37,113,113,113,0,False
P00168,C006,CR0326,2024-02-14,instagram,carousel,4333,10482,10482,10482,1200,False
P00169,C006,CR0355,2024-02-18,instagram,carousel,19,19,19,19,0,False
P00170,C006,CR0398,2024-02-16,instagram,reel,10,31,31,31,0,False
P00171,C006,CR0406,2024-02-05,instagram,reel,52,253,336,336,0,False
P00172,C006,CR0406,2024-02-06,instagram,reel,42,140,177,177,0,False
P00173,C006,CR0406,2024-02-14,instagram,carousel,29,85,85,85,0,False
P00174,C006,CR0406,2024-02-17,instagram,carousel,33,65,65,65,0,False
P00175,C006,CR0409,2024-02-16,instagram,reel,3433,22630,22630,22630,1200,False
P00176,C006,CR0422,2024-02-03,instagram,carousel,1603,5367,6282,6282,200,False
P00177,C006,CR0422,2024-02-07,instagram,carousel,1911,12674,16957,16957,1200,False
P00178,C006,CR0422,2024-02-12,instagram,reel,1521,8855,8855,8855,200,False
P00179,C006,CR0442,2024-02-03,instagram,carousel,28,119,149,149,0,False
P00180,C006,CR0442,2024-02-17,instagram,carousel,26,57,57,57,0,False
P00181,C006,CR0463,2024-02-05,instagram,reel,14,45,68,68,0,False
P00182,C006,CR0463,2024-02-06,instagram,carousel,11,38,47,47,0,False
P00183,C006,CR0463,2024-02-11,instagram,reel,14,80,91,91,0,False
P00184,C006,CR0463,2024-02-12,instagram,carousel,17,81,81,81,0,False
P00185,C006,CR0464,2024-02-03,instagram,reel,78,466,724,724,100,False
P00186,C006,CR0468,2024-02-15,instagram,reel,12,83,83,83,0,False
P00187,C007,CR0001,2024-02-23,instagram,carousel,56,258,336,336,0,False
P00188,C007,CR0014,2024-03-06,instagram,carousel,88,195,195,195,0,False
P00189,C007,CR0030,2024-02-18,instagram,carousel,13,68,104,104,0,False
P00190,C007,CR0030,2024-03-01,instagram,carousel,16,59,59,59,0,False
P00191,C007,CR0030,2024-03-07,instagram,carousel,22,22,22,22,0,False
P00192,C007,CR0039,2024-03-01,instagram,reel,1152,3730,3730,3730,0,False
P00193,C007,CR0039,2024-03-05,instagram,reel,1518,21317,21317,21317,2900,False
P00194,C007,CR0114,2024-03-04,instagram,carousel,328,1154,1154,1154,0,False
P00195,C007,CR0131,2024-02-06,instagram,carousel,29,90,120,120,0,False
P00196,C007,CR0140,2024-02-06,instagram,carousel,544,1885,2982,2982,0,False
P00197,C007,CR0160,2024-02-19,instagram,reel,1284,4785,5881,5881,0,False
P00198,C007,CR0161,2024-02-09,instagram,carousel,226,840,1191,1191,0,False
P00199,C007,CR0179,2024-02-21,instagram,reel,1537,4481,5751,5751,0,False
P00200,C007,CR0179,2024-02-24,instagram,carousel,1430,3119,3195,3195,0,False
P00201,C007,CR0207,2024-02-28,instagram,carousel,1783,7154,7409,7409,0,False
P00202,C007,CR0207,2024-03-02,instagram,carousel,1644,3605,3605,3605,0,False
P00203,C007,CR0227,2024-02-25,instagram,reel,373,2434,5060,5060,0,False
P00204,C007,CR0227,2024-02-27,instagram,carousel,330,894,1043,1043,0,False
P00205,C007,CR0235,2024-02-29,instagram,carousel,882,3247,3299,3299,0,False
P00206,C007,CR0235,2024-03-07,instagram,reel,1441,1441,1441,1441,0,False
P00207,C007,CR0240,2024-03-03,instagram,reel,27,113,113,113,0,False
P00208,C007,CR0261,2024-02-20,instagram,carousel,65,536,578,578,0,False
P00209,C007,CR0291,2024-02-27,instagram,reel,17766,67214,74560,74560,7200,False
P00210,C007,CR0291,2024-03-07,instagram,carousel,12019,12019,12019,12019,1400,False
P00211,C007,CR0293,2024-03-02,instagram,carousel,38,318,318,318,0,False
P00212,C007,CR0318,2024-02-29,instagram,carousel,119,2646,2890,2890,0,False
P00213,C007,CR0318,2024-03-02,instagram,carousel,106,489,489,489,0,False
P00214,C007,CR0324,2024-02-26,instagram,carousel,1412,3615,4196,4196,0,False
P00215,C007,CR0332,2024-02-26,instagram,reel,1439,4661,5328,5328,0,False
P00216,C007,CR0343,2024-02-26,instagram,carousel,27,76,84,84,0,False
P00217,C007,CR0375,2024-02-23,instagram,carousel,13,91,172,172,0,False
P00218,C007,CR0381,2024-02-10,instagram,reel,46,133,135,135,0,False
P00219,C007,CR0398,2024-03-04,instagram,reel,25,111,111,111,0,False
P00220,C007,CR0405,2024-02-05,instagram,carousel,592,3885,15919,16321,1400,False
P00221,C007,CR0405,2024-02-11,instagram,carousel,581,1828,3825,3825,0,False
P00222,C007,CR0405,2024-02-24,instagram,reel,478,1773,2676,2676,0,False
P00223,C007,CR0410,2024-03-05,instagram,carousel,93,346,346,346,0,False
P00224,C007,CR0421,2024-02-06,instagram,reel,1025,3354,5500,5510,0,False
P00225,C007,CR0434,2024-02-27,instagram,carousel,11300,117106,230330,230330,7200,False
P00226,C007,CR0455,2024-02-15,instagram,carousel,16,151,329,329,0,False
P00227,C007,CR0499,2024-02-19,instagram,reel,3742,8161,10649,10649,1400,False
P00228,C007,CR0499,2024-02-23,instagram,carousel,2199,4312,4484,4484,0,False
P00229,C008,CR0003,2024-02-18,instagram,carousel,367,946,1052,1052,200,False
P00230,C008,CR0003,2024-02-25,instagram,carousel,632,4702,5826,5826,600,False
P00231,C008,CR0015,2024-02-22,instagram,reel,59,196,222,222,0,False
P00232,C008,CR0015,2024-02-25,instagram,carousel,66,406,478,478,100,False
P00233,C008,CR0015,2024-03-04,instagram,carousel,69,361,473,473,100,False
P00234,C008,CR0030,2024-02-26,instagram,carousel,53,275,546,546,200,False
P00235,C008,CR0030,2024-03-06,instagram,carousel,41,341,341,341,100,False
P00236,C008,CR0052,2024-03-01,instagram,carousel,73,427,626,626,200,False
P00237,C008,CR0052,2024-03-04,instagram,carousel,91,1105,1254,1254,200,False
P00238,C008,CR0091,2024-03-04,instagram,carousel,69,1406,1406,1406,200,False
P00239,C008,CR0104,2024-02-21,instagram,carousel,5043,28847,51856,51856,600,False
P00240,C008,CR0127,2024-02-22,instagram,carousel,29000,185181,197233,197233,600,False
P00241,C008,CR0127,2024-02-24,instagram,carousel,18874,79386,149473,149473,600,False
P00242,C008,CR0127,2024-03-02,instagram,reel,16589,52184,56616,56616,600,False
P00243,C008,CR0136,2024-02-15,instagram,carousel,355,737,824,824,200,True
P00244,C008,CR0136,2024-02-24,instagram,carousel,55,393,429,429,100,False
P00245,C008,CR0136,2024-03-05,instagram,reel,65,813,813,813,200,False
P00246,C008,CR0139,2024-02-21,instagram,carousel,33,192,230,230,0,False
P00247,C008,CR0140,2024-02-14,instagram,carousel,948,7620,11229,11229,600,False
P00248,C008,CR0157,2024-02-13,instagram,reel,515,2015,5520,5520,600,False
P00249,C008,CR0157,2024-02-14,instagram,reel,1078,5414,15539,15539,600,False
P00250,C008,CR0168,2024-03-09,instagram,carousel,46,101,101,101,0,False
P00251,C008,CR0170,2024-02-18,instagram,carousel,54,640,658,658,200,False
P00252,C008,CR0170,2024-02-28,instagram,carousel,56,674,727,727,200,True
P00253,C008,CR0170,2024-03-05,instagram,carousel,166,361,361,361,100,False
P00254,C008,CR0183,2024-03-05,instagram,carousel,6736,93170,93170,93170,600,False
P00255,C008,CR0202,2024-02-08,instagram,carousel,323,1191,1284,1284,200,False
P00256,C008,CR0202,2024-02-12,instagram,carousel,185,792,945,945,200,False
P00257,C008,CR0202,2024-02-27,instagram,reel,241,4000,8127,8127,600,False
P00258,C008,CR0217,2024-02-21,instagram,carousel,70,366,433,433,100,False
P00259,C008,CR0217,2024-02-27,instagram,carousel,59,595,1213,1213,200,False
P00260,C008,CR0226,2024-02-28,instagram,reel,558,2126,2447,2447,200,False
P00261,C008,CR0256,2024-02-20,instagram,carousel,103,323,428,428,100,False
P00262,C008,CR0258,2024-03-10,instagram,reel,31,53,53,53,0,False
P00263,C008,CR0266,2024-03-09,instagram,reel,180,399,399,399,100,False
P00264,C008,CR0266,2024-03-10,instagram,reel,115,197,197,197,0,False
P00265,C008,CR0272,2024-02-23,instagram,carousel,1301,4414,4509,4509,600,False
P00266,C008,CR0273,2024-02-26,instagram,carousel,29551,656324,1499574,1499574,600,False
P00267,C008,CR0273,2024-02-29,instagram,carousel,23426,220559,422086,422086,600,False
P00268,C008,CR0273,2024-03-05,instagram,carousel,36560,244078,244078,244078,600,False
P00269,C008,CR0273,2024-03-06,instagram,carousel,47086,362643,362643,362643,600,False
P00270,C008,CR0357,2024-02-17,instagram,carousel,3513,12986,18306,18306,600,False
P00271,C008,CR0357,2024-02-23,instagram,carousel,6971,30844,43713,43713,600,False
P00272,C008,CR0357,2024-03-04,instagram,carousel,3956,16240,18728,18728,600,False
P00273,C008,CR0398,2024-02-25,instagram,carousel,63,264,298,298,100,False
P00274,C008,CR0403,2024-02-11,instagram,carousel,3449,17978,32690,32690,600,False
P00275,C008,CR0409,2024-02-15,instagram,carousel,13586,45963,59082,59082,600,False
P00276,C008,CR0414,2024-02-23,instagram,carousel,428,2700,2890,2890,600,False
P00277,C008,CR0414,2024-03-07,instagram,carousel,695,2982,2982,2982,600,False
P00278,C008,CR0416,2024-02-16,instagram,carousel,97,910,3494,3494,600,False
P00279,C008,CR0416,2024-02-22,instagram,carousel,174,800,917,917,200,False
P00280,C008,CR0440,2024-02-11,instagram,carousel,71,445,610,610,200,False
P00281,C008,CR0440,2024-02-12,instagram,reel,65,226,333,333,100,False
P00282,C008,CR0473,2024-02-21,instagram,carousel,44,155,264,264,100,False
P00283,C008,CR0473,2024-02-29,instagram,carousel,38,191,231,231,0,False
P00284,C008,CR0473,2024-03-05,instagram,reel,46,232,232,232,0,False
P00285,C008,CR0473,2024-03-09,instagram,reel,41,119,119,119,0,False
P00286,C008,CR0482,2024-02-17,instagram,reel,17950,77044,155890,155890,600,False
P00287,C008,CR0489,2024-02-13,instagram,carousel,2415,7596,8465,8465,600,False
P00288,C008,CR0489,2024-02-28,instagram,reel,7949,35961,45615,45615,600,False
P00289,C008,CR0489,2024-02-29,instagram,carousel,2614,14029,14029,14029,600,False
P00290,C008,CR0498,2024-02-28,instagram,carousel,210,1252,1574,1574,200,False
P00291,C008,CR0500,2024-03-07,instagram,carousel,138,519,519,519,200,False
P00292,C009,CR0292,2024-02-17,youtube,short,215,1934,2663,2663,400,False
P00293,C009,CR0314,2024-03-01,youtube,short,442,442,442,442,100,False
P00294,C009,CR0365,2024-02-21,youtube,short,68,272,340,340,100,False
P00295,C009,CR0441,2024-02-26,youtube,long_form,31,112,112,112,100,False
P00296,C009,CR0457,2024-02-23,youtube,long_form,147,431,465,465,100,False
P00297,C009,CR0457,2024-02-24,youtube,short,139,491,491,491,100,False
P00298,C009,CR0457,2024-02-25,youtube,short,189,901,901,901,200,False
P00299,C009,CR0457,2024-02-27,youtube,long_form,140,429,429,429,100,False
P00300,C010,CR0043,2024-02-14,youtube,long_form,146,759,902,902,100,False
P00301,C010,CR0048,2024-03-10,youtube,short,9,28,28,28,0,False
P00302,C010,CR0088,2024-03-03,youtube,short,111,300,329,329,0,False
P00303,C010,CR0093,2024-02-29,youtube,long_form,113,378,908,908,100,False
P00304,C010,CR0203,2024-02-26,youtube,long_form,208,2767,3214,3214,500,False
P00305,C010,CR0203,2024-03-01,youtube,short,160,622,2240,2240,100,False
P00306,C010,CR0269,2024-02-27,youtube,long_form,62,243,278,278,0,False
P00307,C010,CR0269,2024-02-29,youtube,short,34,108,118,118,0,False
P00308,C010,CR0270,2024-02-24,youtube,short,12,46,57,57,0,False
P00309,C010,CR0270,2024-03-10,youtube,short,19,73,73,73,0,False
P00310,C010,CR0275,2024-02-27,youtube,short,53,240,434,434,0,False
P00311,C010,CR0320,2024-03-06,youtube,long_form,211,466,476,476,0,False
P00312,C010,CR0320,2024-03-11,youtube,long_form,248,504,504,504,100,False
P00313,C010,CR0363,2024-03-09,youtube,short,6,31,31,31,0,False
P00314,C010,CR0382,2024-03-12,youtube,short,16,35,35,35,0,False
P00315,C010,CR0396,2024-02-15,youtube,short,23,87,115,115,0,False
P00316,C010,CR0415,2024-02-26,youtube,long_form,23,109,213,213,0,False
P00317,C010,CR0419,2024-03-12,youtube,long_form,31,51,51,51,0,False
P00318,C010,CR0426,2024-03-03,youtube,long_form,15,65,70,70,0,False
P00319,C010,CR0426,2024-03-04,youtube,long_form,18,130,146,146,0,False
P00320,C010,CR0426,2024-03-07,youtube,short,23,158,158,158,0,False
P00321,C010,CR0477,2024-03-03,youtube,long_form,27,316,467,467,0,False
P00322,C010,CR0483,2024-03-04,youtube,short,1522,3334,3418,3418,500,False
P00323,C010,CR0494,2024-03-04,youtube,short,65,200,212,212,0,False
P00324,C010,CR0494,2024-03-05,youtube,long_form,109,213,217,217,0,False
P00325,C010,CR0494,2024-03-06,youtube,short,11,62,68,68,0,False
P00326,C011,CR0025,2024-02-16,youtube,long_form,63,7043,8408,8408,2000,True
P00327,C011,CR0025,2024-02-29,youtube,long_form,151,248,248,248,100,False
P00328,C011,CR0043,2024-02-15,youtube,long_form,3272,5525,8144,8144,2000,True
P00329,C011,CR0048,2024-02-29,youtube,long_form,6,9,9,9,0,False
P00330,C011,CR0080,2024-02-27,youtube,short,5,14,14,14,0,False
P00331,C011,CR0093,2024-02-14,youtube,long_form,236,927,1067,1067,400,False
P00332,C011,CR0093,2024-02-15,youtube,long_form,202,802,1826,1826,400,False
P00333,C011,CR0189,2024-02-20,youtube,long_form,12,164,203,203,100,False
P00334,C011,CR0189,2024-02-23,youtube,long_form,10,33,35,35,0,False
P00335,C011,CR0200,2024-02-24,youtube,short,20,71,71,71,0,False
P00336,C011,CR0236,2024-02-22,youtube,long_form,15,86,109,109,0,False
P00337,C011,CR0270,2024-02-24,youtube,long_form,13,48,48,48,0,False
P00338,C011,CR0361,2024-02-15,youtube,short,12,33,41,41,0,False
P00339,C011,CR0415,2024-02-26,youtube,long_form,18,58,58,58,0,False
P00340,C011,CR0417,2024-02-17,youtube,long_form,4,18,19,19,0,False
P00341,C011,CR0417,2024-02-19,youtube,long_form,10,28,29,29,0,False
P00342,C011,CR0456,2024-02-23,youtube,short,21,159,168,168,0,False
P00343,C011,CR0456,2024-02-28,youtube,short,15,28,28,28,0,False
P00344,C011,CR0481,2024-02-27,youtube,short,3695,7311,7311,7311,2000,False
P00345,C011,CR0483,2024-02-29,youtube,long_form,2430,5400,5400,5400,2000,False
P00346,C011,CR0495,2024-02-29,youtube,short,9,15,15,15,0,False
P00347,C011,CR0496,2024-02-20,youtube,short,132,305,347,347,100,False
P00348,C011,CR0496,2024-02-25,youtube,short,152,630,630,630,100,False
P00349,C012,CR0048,2024-03-10,youtube,short,5,21,27,27,0,False
P00350,C012,CR0068,2024-03-16,youtube,long_form,38,297,297,297,0,False
P00351,C012,CR0194,2024-03-20,youtube,short,3061,3061,3061,3061,400,False
P00352,C012,CR0237,2024-03-20,youtube,long_form,6,6,6,6,0,False
P00353,C012,CR0254,2024-03-15,youtube,long_form,4907,14039,14039,14039,1900,False
P00354,C012,CR0260,2024-03-02,youtube,short,84,263,291,291,0,False
P00355,C012,CR0260,2024-03-04,youtube,short,132,498,726,726,0,False
P00356,C012,CR0260,2024-03-18,youtube,short,116,432,432,432,0,False
P00357,C012,CR0268,2024-03-15,youtube,long_form,11,48,48,48,0,False
P00358,C012,CR0333,2024-03-13,youtube,short,16,78,82,82,0,False
P00359,C012,CR0333,2024-03-14,youtube,long_form,12,43,43,43,0,False
P00360,C012,CR0333,2024-03-19,youtube,long_form,18,31,31,31,0,False
P00361,C012,CR0430,2024-02-24,youtube,long_form,176,865,4228,4228,400,False
P00362,C012,CR0435,2024-03-08,youtube,short,70,135,138,138,0,False
P00363,C012,CR0435,2024-03-15,youtube,short,17,132,132,132,0,False
P00364,C012,CR0472,2024-02-29,youtube,short,1293,4748,6431,6431,1000,False
P00365,C012,CR0481,2024-03-09,youtube,long_form,15365,29468,36675,36675,1900,True
P00366,C012,CR0496,2024-02-28,youtube,long_form,137,430,892,892,0,False
P00367,C012,CR0496,2024-03-04,youtube,long_form,152,625,704,704,0,False
P00368,C013,CR0013,2024-03-12,youtube,long_form,127,127,127,127,0,False
P00369,C013,CR0033,2024-02-29,youtube,short,62,194,230,230,100,False
P00370,C013,CR0033,2024-03-02,youtube,short,44,113,130,130,0,False
P00371,C013,CR0033,2024-03-04,youtube,long_form,76,538,646,646,100,False
P00372,C013,CR0033,2024-03-08,youtube,long_form,80,223,223,223,100,False
P00373,C013,CR0033,2024-03-09,youtube,long_form,59,201,201,201,100,False
P00374,C013,CR0111,2024-03-07,youtube,short,295,1837,1837,1837,200,False
P00375,C013,CR0150,2024-03-12,youtube,long_form,90,90,90,90,0,False
P00376,C013,CR0173,2024-03-07,youtube,short,186,1246,1246,1246,200,False
P00377,C013,CR0203,2024-03-12,youtube,long_form,428,428,428,428,100,False
P00378,C013,CR0209,2024-03-09,youtube,short,98,342,342,342,100,False
P00379,C013,CR0222,2024-03-05,youtube,short,31,965,1049,1049,200,False
P00380,C013,CR0222,2024-03-10,youtube,short,27,59,59,59,0,False
P00381,C013,CR0268,2024-03-09,youtube,long_form,36,93,93,93,0,False
P00382,C013,CR0269,2024-03-02,youtube,long_form,117,458,519,519,100,False
P00383,C013,CR0269,2024-03-05,youtube,long_form,143,484,526,526,100,False
P00384,C013,CR0275,2024-03-09,youtube,long_form,95,362,362,362,100,False
P00385,C013,CR0275,2024-03-11,youtube,long_form,104,205,205,205,100,False
P00386,C013,CR0317,2024-03-02,youtube,long_form,510,3010,3676,3676,200,False
P00387,C013,CR0352,2024-03-11,youtube,long_form,26,51,51,51,0,False
P00388,C013,CR0408,2024-03-05,youtube,short,2872,12582,13618,13618,200,False
P00389,C013,CR0415,2024-03-05,youtube,short,32,150,155,155,0,False
P00390,C013,CR0441,2024-03-09,youtube,short,36,146,146,146,0,False
P00391,C013,CR0481,2024-03-07,youtube,short,2549,22084,22084,22084,200,False
P00392,C014,CR0001,2024-03-16,instagram,carousel,89,722,1217,1217,200,False
P00393,C014,CR0001,2024-03-24,instagram,reel,64,212,236,236,0,False
P00394,C014,CR0002,2024-04-06,instagram,carousel,31,61,61,61,0,False
P00395,C014,CR0016,2024-03-30,instagram,carousel,33,170,173,173,0,False
P00396,C014,CR0016,2024-04-07,instagram,carousel,28,28,28,28,0,False
P00397,C014,CR0018,2024-03-25,instagram,carousel,407,2800,4293,4293,200,False
P00398,C014,CR0035,2024-03-16,instagram,reel,120,474,725,725,100,False
P00399,C014,CR0054,2024-04-03,instagram,carousel,430,1899,1899,1899,200,False
P00400,C014,CR0054,2024-04-04,instagram,carousel,438,1037,1037,1037,200,False
P00401,C014,CR0054,2024-04-06,instagram,carousel,576,986,986,986,100,False
P00402,C014,CR0069,2024-03-14,instagram,carousel,649,1726,2071,2071,200,False
P00403,C014,CR0077,2024-04-04,instagram,reel,50,199,199,199,0,False
P00404,C014,CR0081,2024-04-02,instagram,carousel,55,166,166,166,0,False
P00405,C014,CR0103,2024-03-26,instagram,carousel,31956,69849,78582,78582,3800,False
P00406,C014,CR0103,2024-04-01,instagram,reel,19334,174503,174503,174503,3800,False
P00407,C014,CR0103,2024-04-02,instagram,reel,13033,299588,299588,299588,3800,False
P00408,C014,CR0103,2024-04-03,instagram,reel,52720,104595,104595,104595,3800,False
P00409,C014,CR0103,2024-04-04,instagram,reel,62822,115990,115990,115990,3800,False
P00410,C014,CR0146,2024-03-20,instagram,reel,11113,109653,153456,153456,3800,False
P00411,C014,CR0154,2024-03-27,instagram,carousel,32,96,126,126,0,False
P00412,C014,CR0154,2024-04-07,instagram,carousel,46,46,46,46,0,False
P00413,C014,CR0157,2024-03-23,instagram,carousel,418,2025,2314,2314,200,False
P00414,C014,CR0162,2024-04-02,instagram,reel,202,1539,1539,1539,200,False
P00415,C014,CR0191,2024-03-20,instagram,carousel,67,363,405,405,0,False
P00416,C014,CR0191,2024-03-28,instagram,carousel,96,1033,1145,1145,200,True
P00417,C014,CR0192,2024-03-20,instagram,carousel,2783,8050,8050,8050,400,False
P00418,C014,CR0192,2024-03-26,instagram,carousel,3089,22694,30830,30830,800,False
P00419,C014,CR0221,2024-03-14,instagram,carousel,100,507,507,507,100,False
P00420,C014,CR0221,2024-03-24,instagram,carousel,70,242,263,263,0,False
P00421,C014,CR0244,2024-04-05,instagram,carousel,262,501,501,501,100,False
P00422,C014,CR0282,2024-03-22,instagram,carousel,59,241,385,385,0,False
P00423,C014,CR0296,2024-03-15,instagram,reel,29,95,101,101,0,False
P00424,C014,CR0296,2024-03-18,instagram,carousel,31,127,163,163,0,False
P00425,C014,CR0302,2024-03-10,instagram,reel,25,131,159,159,0,False
P00426,C014,CR0344,2024-04-07,instagram,carousel,11922,11922,11922,11922,800,False
P00427,C014,CR0371,2024-03-12,instagram,carousel,4592,18398,21353,21353,800,False
P00428,C014,CR0371,2024-03-15,instagram,reel,2782,23426,28720,28720,800,False
P00429,C014,CR0371,2024-03-24,instagram,carousel,4630,91833,128124,128124,3800,False
P00430,C014,CR0371,2024-03-26,instagram,carousel,2806,21138,27613,27613,800,False
P00431,C014,CR0392,2024-04-03,instagram,carousel,38,80,80,80,0,False
P00432,C014,CR0392,2024-04-05,instagram,reel,52,115,115,115,0,False
P00433,C014,CR0411,2024-04-04,instagram,carousel,287,665,665,665,100,False
P00434,C014,CR0422,2024-03-31,instagram,carousel,6283,65899,70946,70946,3800,False
P00435,C014,CR0424,2024-03-21,instagram,carousel,326,1086,1121,1121,200,False
P00436,C014,CR0424,2024-04-05,instagram,reel,167,309,309,309,0,False
P00437,C014,CR0424,2024-04-06,instagram,carousel,255,436,436,436,0,False
P00438,C014,CR0433,2024-03-11,instagram,carousel,45,270,564,564,100,False
P00439,C014,CR0433,2024-03-14,instagram,carousel,54,363,5230,5230,400,False
P00440,C014,CR0433,2024-03-16,instagram,reel,63,185,295,295,0,False
P00441,C014,CR0433,2024-03-29,instagram,reel,47,73,73,73,0,False
P00442,C014,CR0433,2024-04-07,instagram,reel,39,39,39,39,0,False
P00443,C014,CR0443,2024-03-14,instagram,carousel,1962,11095,11095,11095,800,False
P00444,C014,CR0443,2024-03-19,instagram,carousel,1306,7782,8608,8608,400,False
P00445,C014,CR0443,2024-03-20,instagram,carousel,2423,13808,47778,47778,800,False
P00446,C014,CR0443,2024-03-21,instagram,reel,1411,4569,6164,6164,400,False
P00447,C014,CR0446,2024-03-26,instagram,carousel,29,140,159,159,0,False
P00448,C015,CR0004,2024-03-24,youtube,long_form,12,40,44,44,0,False
P00449,C015,CR0004,2024-03-30,youtube,short,16,34,34,34,0,False
P00450,C015,CR0009,2024-03-23,youtube,short,9,123,372,372,100,False
P00451,C015,CR0009,2024-03-25,youtube,short,8,35,44,44,0,False
P00452,C015,CR0009,2024-03-29,youtube,short,7,20,20,20,0,False
P00453,C015,CR0065,2024-03-26,youtube,long_form,44,276,319,319,100,False
P00454,C015,CR0093,2024-03-31,youtube,long_form,257,716,716,716,200,False
P00455,C015,CR0116,2024-03-25,youtube,short,6,27,30,30,0,False
P00456,C015,CR0116,2024-04-01,youtube,long_form,5,19,19,19,0,False
P00457,C015,CR0117,2024-03-26,youtube,long_form,9,157,377,377,100,False
P00458,C015,CR0143,2024-03-24,youtube,long_form,36,224,313,313,100,False
P00459,C015,CR0143,2024-04-03,youtube,long_form,41,41,41,41,0,False
P00460,C015,CR0189,2024-03-24,youtube,long_form,12,40,58,58,0,False
P00461,C015,CR0189,2024-03-29,youtube,long_form,9,30,30,30,0,False
P00462,C015,CR0222,2024-03-19,youtube,long_form,13,203,215,215,100,False
P00463,C015,CR0222,2024-03-22,youtube,short,11,37,58,58,0,False
P00464,C015,CR0222,2024-04-02,youtube,long_form,26,44,44,44,0,False
P00465,C015,CR0229,2024-03-30,youtube,long_form,124,669,669,669,200,False
P00466,C015,CR0229,2024-03-31,youtube,short,234,604,604,604,200,False
P00467,C015,CR0265,2024-03-18,youtube,long_form,8,28,49,49,0,False
P00468,C015,CR0265,2024-03-23,youtube,short,4,14,15,15,0,False
P00469,C015,CR0265,2024-03-27,youtube,long_form,12,37,37,37,0,False
P00470,C015,CR0265,2024-04-01,youtube,long_form,7,16,16,16,0,False
P00471,C015,CR0277,2024-03-21,youtube,long_form,28,43,43,43,0,False
P00472,C015,CR0277,2024-03-31,youtube,long_form,44,241,241,241,100,False
P00473,C015,CR0285,2024-03-17,youtube,short,12,47,50,50,0,False
P00474,C015,CR0323,2024-03-27,youtube,short,14,103,110,110,100,False
P00475,C015,CR0361,2024-03-16,youtube,long_form,14,133,150,150,100,False
P00476,C015,CR0361,2024-03-26,youtube,long_form,13,38,38,38,0,False
P00477,C015,CR0382,2024-03-28,youtube,long_form,14,84,84,84,0,False
P00478,C015,CR0408,2024-03-30,youtube,long_form,748,3730,3730,3730,500,False
P00479,C015,CR0408,2024-03-31,youtube,short,596,2171,2171,2171,500,False
P00480,C015,CR0452,2024-04-03,youtube,long_form,432,432,432,432,100,False
P00481,C015,CR0470,2024-03-31,youtube,short,35,133,133,133,100,False
P00482,C015,CR0481,2024-03-29,youtube,long_form,916,6890,6890,6890,500,False
P00483,C015,CR0483,2024-03-29,youtube,short,1868,35934,35934,35934,500,True
P00484,C015,CR0487,2024-03-22,youtube,long_form,21,388,745,745,200,False
P00485,C015,CR0487,2024-03-23,youtube,long_form,12,65,85,85,0,False
P00486,C016,CR0031,2024-04-01,youtube,long_form,7,32,37,37,0,False
P00487,C016,CR0031,2024-04-08,youtube,short,6,39,39,39,0,False
P00488,C016,CR0031,2024-04-11,youtube,long_form,7,15,15,15,0,False
P00489,C016,CR0043,2024-04-07,youtube,long_form,125,526,526,526,0,False
P00490,C016,CR0097,2024-03-20,youtube,short,1490,5053,6282,6282,0,False
P00491,C016,CR0130,2024-03-22,youtube,long_form,44,281,431,431,0,False
P00492,C016,CR0130,2024-03-23,youtube,short,24,84,94,94,0,False
P00493,C016,CR0167,2024-04-12,youtube,long_form,24,42,42,42,0,False
P00494,C016,CR0212,2024-03-23,youtube,long_form,5,11,11,11,0,False
P00495,C016,CR0212,2024-04-04,youtube,long_form,5,15,15,15,0,False
P00496,C016,CR0232,2024-04-11,youtube,short,89,147,147,147,0,False
P00497,C016,CR0294,2024-04-06,youtube,long_form,35,80,85,85,0,False
P00498,C016,CR0294,2024-04-09,youtube,short,9,44,44,44,0,False
P00499,C016,CR0319,2024-03-22,youtube,short,18,129,136,136,0,False
P00500,C016,CR0399,2024-04-04,youtube,short,12,52,68,68,0,False
P00501,C017,CR0043,2024-03-24,youtube,long_form,564,2356,2874,2874,0,False
P00502,C017,CR0065,2024-03-26,youtube,long_form,71,282,315,315,0,False
P00503,C017,CR0073,2024-03-31,youtube,long_form,4227,17056,17056,17056,0,False
P00504,C017,CR0084,2024-04-01,youtube,long_form,22,117,117,117,0,False
P00505,C017,CR0113,2024-03-25,youtube,short,3278,16024,18101,18101,0,False
P00506,C017,CR0113,2024-03-29,youtube,long_form,2146,11292,11292,11292,0,False
P00507,C017,CR0119,2024-04-03,youtube,short,10,10,10,10,0,False
P00508,C017,CR0237,2024-03-30,youtube,short,13,57,57,57,0,False
P00509,C017,CR0254,2024-03-27,youtube,long_form,8052,55368,58621,58621,2600,False
P00510,C017,CR0294,2024-03-26,youtube,long_form,32,65,65,65,0,False
P00511,C017,CR0294,2024-03-29,youtube,long_form,64,121,121,121,0,False
P00512,C017,CR0399,2024-03-27,youtube,long_form,33,116,121,121,0,False
P00513,C017,CR0426,2024-03-28,youtube,long_form,41,139,139,139,0,False
P00514,C018,CR0033,2024-04-21,youtube,short,15,120,120,120,0,False
P00515,C018,CR0040,2024-04-17,youtube,long_form,145,689,801,801,0,False
P00516,C018,CR0073,2024-03-31,youtube,long_form,2929,9713,12814,12814,2000,False
P00517,C018,CR0143,2024-04-06,youtube,short,25,127,365,365,0,False
P00518,C018,CR0150,2024-04-18,youtube,long_form,31,166,180,180,0,False
P00519,C018,CR0150,2024-04-22,youtube,long_form,32,158,158,158,0,False
P00520,C018,CR0176,2024-04-25,youtube,short,146,543,543,543,0,False
P00521,C018,CR0194,2024-03-29,youtube,long_form,1550,6119,35383,35383,2000,False
P00522,C018,CR0194,2024-03-30,youtube,short,2650,10572,13231,13231,2000,False
P00523,C018,CR0229,2024-04-26,youtube,short,197,438,438,438,0,False
P00524,C018,CR0236,2024-04-22,youtube,long_form,20,108,108,108,0,False
P00525,C018,CR0277,2024-04-10,youtube,long_form,235,519,581,581,0,False
P00526,C018,CR0277,2024-04-13,youtube,short,37,559,632,632,0,False
P00527,C018,CR0287,2024-04-01,youtube,long_form,14,142,231,231,0,False
P00528,C018,CR0287,2024-04-03,youtube,long_form,13,52,63,63,0,False
P00529,C018,CR0287,2024-04-14,youtube,short,14,78,92,92,0,False
P00530,C018,CR0295,2024-04-14,youtube,long_form,693,3677,4145,4145,200,False
P00531,C018,CR0295,2024-04-25,youtube,long_form,451,1105,1105,1105,200,False
P00532,C018,CR0320,2024-04-27,youtube,long_form,37,37,37,37,0,False
P00533,C018,CR0346,2024-04-18,youtube,short,199,746,781,781,0,False
P00534,C018,CR0382,2024-04-10,youtube,long_form,14,45,113,113,0,False
P00535,C018,CR0382,2024-04-15,youtube,long_form,8,37,52,52,0,False
P00536,C018,CR0452,2024-03-30,youtube,short,267,1195,1821,1821,200,False
P00537,C019,CR0030,2024-05-04,instagram,carousel,42,116,116,116,0,False
P00538,C019,CR0030,2024-05-14,instagram,carousel,20,54,54,54,0,False
P00539,C019,CR0038,2024-04-21,instagram,carousel,7591,234706,360275,360275,8200,False
P00540,C019,CR0038,2024-04-27,instagram,carousel,8065,220503,257239,257239,8200,False
P00541,C019,CR0038,2024-05-02,instagram,reel,14673,64883,64883,64883,8200,False
P00542,C019,CR0038,2024-05-13,instagram,carousel,27007,45037,45037,45037,8200,False
P00543,C019,CR0055,2024-04-04,instagram,carousel,768,1721,1721,1721,0,False
P00544,C019,CR0055,2024-04-06,instagram,carousel,413,1300,1522,1522,0,False
P00545,C019,CR0055,2024-04-07,instagram,carousel,413,2371,16222,16311,2100,False
P00546,C019,CR0056,2024-04-24,instagram,carousel,591,1915,2212,2212,0,False
P00547,C019,CR0059,2024-04-08,instagram,reel,101,821,3704,3772,0,False
P00548,C019,CR0078,2024-05-05,instagram,carousel,9953,133139,148936,148936,8200,True
P00549,C019,CR0078,2024-05-07,instagram,carousel,393933,750121,856514,856514,8200,True
P00550,C019,CR0078,2024-05-10,instagram,carousel,15342,48279,48279,48279,8200,False
P00551,C019,CR0096,2024-04-23,instagram,carousel,181,2581,5203,5203,2100,False
P00552,C019,CR0099,2024-04-29,instagram,carousel,876,2856,3293,3293,0,False
P00553,C019,CR0099,2024-04-30,instagram,carousel,510,1862,2014,2014,0,False
P00554,C019,CR0099,2024-05-06,instagram,carousel,455,1660,1877,1877,0,False
P00555,C019,CR0099,2024-05-08,instagram,carousel,919,3357,3409,3409,0,False
P00556,C019,CR0104,2024-05-08,instagram,reel,6810,26008,28085,28085,8200,False
P00557,C019,CR0120,2024-04-25,instagram,carousel,1658,4106,6026,6026,2100,False
P00558,C019,CR0127,2024-04-19,instagram,reel,23387,121505,188395,188395,8200,False
P00559,C019,CR0127,2024-04-20,instagram,carousel,32181,135572,225041,225041,8200,False
P00560,C019,CR0127,2024-05-03,instagram,reel,30481,777195,1219230,1219230,8200,False
P00561,C019,CR0135,2024-04-19,instagram,reel,2362,22705,24595,24595,8200,False
P00562,C019,CR0135,2024-04-30,instagram,reel,1313,8003,10096,10096,2100,False
P00563,C019,CR0169,2024-04-05,instagram,carousel,122,284,446,446,0,False
P00564,C019,CR0169,2024-04-07,instagram,carousel,211,1329,2293,2316,0,False
P00565,C019,CR0169,2024-04-08,instagram,carousel,85,293,293,293,0,False
P00566,C019,CR0169,2024-04-13,instagram,carousel,170,821,1103,1103,0,False
P00567,C019,CR0170,2024-05-05,instagram,carousel,36,404,578,578,0,False
P00568,C019,CR0174,2024-04-13,instagram,carousel,3451,25244,25244,25244,8200,False
P00569,C019,CR0174,2024-04-15,instagram,carousel,4368,22002,1760284,2362138,8200,False
P00570,C019,CR0177,2024-04-21,instagram,reel,165,1520,1708,1708,0,False
P00571,C019,CR0177,2024-05-14,instagram,carousel,121,238,238,238,0,False
P00572,C019,CR0186,2024-05-13,instagram,carousel,424,1575,1575,1575,0,False
P00573,C019,CR0186,2024-05-14,instagram,carousel,341,584,584,584,0,False
P00574,C019,CR0188,2024-04-30,instagram,carousel,30,96,111,111,0,False
P00575,C019,CR0188,2024-05-06,instagram,reel,38,91,96,96,0,False
P00576,C019,CR0205,2024-04-30,instagram,carousel,75,975,1492,1492,0,False
P00577,C019,CR0205,2024-05-12,instagram,reel,72,327,327,327,0,False
P00578,C019,CR0210,2024-04-27,instagram,reel,68,272,472,472,0,False
P00579,C019,CR0247,2024-05-06,instagram,carousel,16053,51463,56886,56886,8200,False
P00580,C019,CR0252,2024-04-29,instagram,carousel,77,256,317,317,0,False
P00581,C019,CR0256,2024-04-02,instagram,carousel,76,186,223,223,0,False
P00582,C019,CR0262,2024-05-04,instagram,carousel,53,184,193,193,0,False
P00583,C019,CR0279,2024-05-03,instagram,carousel,73,260,260,260,0,False
P00584,C019,CR0279,2024-05-04,instagram,carousel,66,236,275,275,0,False
P00585,C019,CR0279,2024-05-08,instagram,carousel,72,612,783,783,0,False
P00586,C019,CR0291,2024-05-09,instagram,carousel,31896,67037,67037,67037,8200,False
P00587,C019,CR0310,2024-04-25,instagram,reel,28,178,314,314,0,False
P00588,C019,CR0313,2024-04-14,instagram,carousel,981,1873,2591,2591,0,True
P00589,C019,CR0313,2024-04-16,instagram,carousel,59,507,608,608,0,True
P00590,C019,CR0318,2024-05-13,instagram,reel,339,752,752,752,0,False
P00591,C019,CR0344,2024-04-15,instagram,carousel,9527,29968,67889,67920,8200,False
P00592,C019,CR0344,2024-04-20,instagram,reel,11270,116794,331488,331488,8200,False
P00593,C019,CR0344,2024-04-24,instagram,reel,17188,161351,199924,199924,8200,False
P00594,C019,CR0344,2024-04-28,instagram,reel,10440,213882,610243,610243,8200,False
P00595,C019,CR0344,2024-05-11,instagram,carousel,8864,28147,28147,28147,8200,False
P00596,C019,CR0345,2024-04-18,instagram,carousel,3696,12059,14745,14745,2100,False
P00597,C019,CR0345,2024-05-13,instagram,carousel,1658,4396,4396,4396,0,False
P00598,C019,CR0350,2024-04-27,instagram,carousel,38,120,149,149,0,False
P00599,C019,CR0350,2024-04-30,instagram,carousel,42,319,356,356,0,False
P00600,C019,CR0350,2024-05-07,instagram,carousel,64,618,714,714,0,False
P00601,C019,CR0354,2024-04-26,instagram,carousel,614,2376,4132,4132,0,False
P00602,C019,CR0356,2024-04-19,instagram,carousel,1722,5424,8124,8124,2100,False
P00603,C019,CR0356,2024-04-20,instagram,carousel,1542,4851,5319,5319,2100,False
P00604,C019,CR0359,2024-05-10,instagram,carousel,167,695,695,695,0,False
P00605,C019,CR0360,2024-04-03,instagram,reel,220,13818,21258,21258,8200,True
P00606,C019,CR0369,2024-04-18,instagram,reel,42,250,365,365,0,False
P00607,C019,CR0369,2024-04-19,instagram,reel,27,127,157,157,0,False
P00608,C019,CR0369,2024-04-27,instagram,reel,34,113,119,119,0,False
P00609,C019,CR0369,2024-04-30,instagram,carousel,32,99,100,100,0,False
P00610,C019,CR0370,2024-04-19,instagram,carousel,186,589,827,827,0,False
P00611,C019,CR0370,2024-04-29,instagram,carousel,162,573,669,669,0,False
P00612,C019,CR0370,2024-05-09,instagram,carousel,597,1251,1251,1251,0,False
P00613,C019,CR0392,2024-04-03,instagram,carousel,64,476,833,836,0,False
P00614,C019,CR0400,2024-04-13,instagram,reel,614,28839,38467,38513,8200,True
P00615,C019,CR0406,2024-04-04,instagram,carousel,219,2030,4889,4889,0,False
P00616,C019,CR0411,2024-05-06,instagram,reel,103,323,359,359,0,False
P00617,C019,CR0434,2024-05-13,instagram,reel,35621,74383,74383,74383,8200,False
P00618,C019,CR0447,2024-04-22,instagram,carousel,18038,84414,341520,341520,8200,False
P00619,C019,CR0447,2024-04-30,instagram,carousel,18375,85450,297843,297843,8200,False
P00620,C019,CR0450,2024-05-03,instagram,reel,3715,21333,50955,50955,8200,False
P00621,C019,CR0458,2024-04-16,instagram,carousel,451,3562,5238,5238,2100,False
P00622,C019,CR0458,2024-04-18,instagram,carousel,514,2009,3324,3324,0,False
P00623,C019,CR0463,2024-04-25,instagram,reel,69,418,645,645,0,False
P00624,C019,CR0465,2024-05-13,instagram,carousel,27,164,164,164,0,False
P00625,C019,CR0473,2024-04-06,instagram,carousel,36,173,202,202,0,False
P00626,C019,CR0473,2024-04-09,instagram,carousel,63,276,367,367,0,False
P00627,C019,CR0473,2024-04-20,instagram,carousel,52,80,80,80,0,False
P00628,C019,CR0474,2024-04-02,instagram,reel,874,4025,5640,5652,2100,False
P00629,C020,CR0002,2024-04-23,instagram,reel,27,140,161,161,0,False
P00630,C020,CR0016,2024-05-05,instagram,reel,29,154,201,201,0,False
P00631,C020,CR0016,2024-05-10,instagram,carousel,22,153,168,168,0,False
P00632,C020,CR0016,2024-05-12,instagram,reel,28,96,96,96,0,False
P00633,C020,CR0018,2024-04-21,instagram,carousel,264,1189,5380,5380,0,False
P00634,C020,CR0018,2024-04-30,instagram,reel,372,934,972,972,0,False
P00635,C020,CR0018,2024-05-11,instagram,carousel,247,1194,1194,1194,0,False
P00636,C020,CR0018,2024-05-12,instagram,carousel,315,1270,1270,1270,0,False
P00637,C020,CR0050,2024-04-13,instagram,carousel,330,1037,1080,1080,0,False
P00638,C020,CR0050,2024-04-14,instagram,reel,309,972,1197,1197,0,False
P00639,C020,CR0059,2024-04-17,instagram,reel,42,154,208,209,0,False
P00640,C020,CR0104,2024-05-13,instagram,carousel,3707,5741,5741,5741,0,False
P00641,C020,CR0104,2024-05-17,instagram,carousel,3949,3949,3949,3949,0,False
P00642,C020,CR0139,2024-04-21,instagram,carousel,24,148,336,336,0,False
P00643,C020,CR0140,2024-04-21,instagram,carousel,511,1644,3863,3863,0,False
P00644,C020,CR0140,2024-04-24,instagram,carousel,1109,15410,25036,25036,0,False
P00645,C020,CR0152,2024-05-06,instagram,carousel,32,151,166,166,0,False
P00646,C020,CR0152,2024-05-16,instagram,carousel,17,33,33,33,0,False
P00647,C020,CR0154,2024-05-04,instagram,carousel,23,101,101,101,0,False
P00648,C020,CR0162,2024-04-11,instagram,carousel,175,568,639,639,0,False
P00649,C020,CR0162,2024-04-27,instagram,carousel,183,1209,1488,1488,0,False
P00650,C020,CR0162,2024-05-06,instagram,carousel,154,400,432,432,0,False
P00651,C020,CR0169,2024-05-08,instagram,carousel,67,385,453,453,0,False
P00652,C020,CR0192,2024-04-29,instagram,carousel,2573,9142,11025,11025,0,False
P00653,C020,CR0195,2024-04-14,instagram,reel,20,79,297,301,0,False
P00654,C020,CR0195,2024-05-06,instagram,reel,22,129,168,168,0,False
P00655,C020,CR0195,2024-05-12,instagram,reel,23,276,276,276,0,False
P00656,C020,CR0202,2024-05-11,instagram,reel,113,345,345,345,0,False
P00657,C020,CR0210,2024-05-02,instagram,carousel,56,340,433,433,0,False
P00658,C020,CR0210,2024-05-11,instagram,carousel,40,171,171,171,0,False
P00659,C020,CR0210,2024-05-14,instagram,carousel,52,135,135,135,0,False
P00660,C020,CR0210,2024-05-17,instagram,carousel,60,60,60,60,0,False
P00661,C020,CR0211,2024-04-14,instagram,carousel,31,119,121,121,0,False
P00662,C020,CR0233,2024-04-16,instagram,carousel,49,359,359,359,0,False
P00663,C020,CR0233,2024-04-30,instagram,carousel,23,233,1114,1114,0,False
P00664,C020,CR0238,2024-04-11,instagram,carousel,24,186,268,268,0,False
P00665,C020,CR0238,2024-04-18,instagram,reel,27,113,295,295,0,False
P00666,C020,CR0249,2024-05-09,instagram,carousel,32,98,100,100,0,False
P00667,C020,CR0263,2024-05-12,instagram,reel,10559,71732,71732,71732,8700,False
P00668,C020,CR0263,2024-05-17,instagram,reel,15289,15289,15289,15289,0,False
P00669,C020,CR0290,2024-04-05,instagram,carousel,854,3363,10526,10570,0,False
P00670,C020,CR0290,2024-04-07,instagram,carousel,528,3774,4452,4452,0,False
P00671,C020,CR0304,2024-04-08,instagram,carousel,23,144,235,240,0,False
P00672,C020,CR0304,2024-04-11,instagram,reel,16,44,84,84,0,False
P00673,C020,CR0316,2024-05-12,instagram,carousel,377,1555,1555,1555,0,False
P00674,C020,CR0318,2024-04-24,instagram,reel,95,677,847,847,0,False
P00675,C020,CR0327,2024-04-03,instagram,reel,39,246,546,557,0,False
P00676,C020,CR0327,2024-04-13,instagram,carousel,21,71,286,292,0,False
P00677,C020,CR0327,2024-04-15,instagram,reel,36,133,292,292,0,False
P00678,C020,CR0348,2024-04-10,instagram,carousel,60,238,827,927,0,False
P00679,C020,CR0350,2024-04-24,instagram,carousel,32,160,481,481,0,False
P00680,C020,CR0350,2024-04-26,instagram,carousel,22,106,136,136,0,False
P00681,C020,CR0359,2024-05-09,instagram,carousel,71,605,902,902,0,False
P00682,C020,CR0359,2024-05-16,instagram,reel,114,302,302,302,0,False
P00683,C020,CR0364,2024-05-07,instagram,carousel,25,231,287,287,0,False
P00684,C020,CR0364,2024-05-17,instagram,carousel,53,53,53,53,0,False
P00685,C020,CR0398,2024-04-03,instagram,reel,25,80,88,88,0,False
P00686,C020,CR0407,2024-04-14,instagram,reel,59,517,517,517,0,False
P00687,C020,CR0409,2024-04-12,instagram,reel,8724,88376,104337,104576,8700,True
P00688,C020,CR0409,2024-04-16,instagram,reel,1753929,2826115,6892760,7192289,87500,True
P00689,C020,CR0422,2024-05-03,instagram,carousel,3200,13115,16345,16345,0,False
P00690,C020,CR0447,2024-05-03,instagram,carousel,18353,69961,74109,74109,8700,False
P00691,C020,CR0468,2024-04-10,instagram,carousel,17,100,123,123,0,False
P00692,C020,CR0468,2024-04-16,instagram,carousel,40,130,256,259,0,False
P00693,C020,CR0468,2024-05-14,instagram,reel,34,71,71,71,0,False
P00694,C021,CR0122,2024-04-13,youtube,long_form,55,232,232,232,100,False
P00695,C021,CR0122,2024-04-15,youtube,short,85,188,188,188,100,False
P00696,C021,CR0176,2024-04-13,youtube,short,784,8211,8211,8211,200,False
P00697,C021,CR0203,2024-04-14,youtube,short,1075,5954,5954,5954,200,False
P00698,C021,CR0203,2024-04-15,youtube,short,670,2489,2489,2489,200,False
P00699,C021,CR0204,2024-04-16,youtube,long_form,36,70,70,70,0,False
P00700,C021,CR0248,2024-04-17,youtube,short,132,132,132,132,100,False
P00701,C021,CR0287,2024-04-14,youtube,short,51,127,127,127,100,False
P00702,C021,CR0319,2024-04-11,youtube,long_form,64,420,420,420,200,False
P00703,C021,CR0340,2024-04-14,youtube,long_form,155,380,380,380,200,False
P00704,C021,CR0396,2024-04-09,youtube,long_form,74,259,294,294,200,False
P00705,C021,CR0448,2024-04-08,youtube,short,75,208,226,226,100,False
P00706,C021,CR0459,2024-04-16,youtube,long_form,86,147,147,147,100,False
P00707,C021,CR0478,2024-04-08,youtube,long_form,142,481,500,500,200,False
P00708,C022,CR0007,2024-05-01,instagram,carousel,28,111,111,111,0,False
P00709,C022,CR0015,2024-04-23,instagram,reel,35,282,976,976,0,False
P00710,C022,CR0022,2024-04-15,instagram,carousel,49,131,426,426,0,False
P00711,C022,CR0022,2024-04-26,instagram,carousel,61,818,1489,1489,0,False
P00712,C022,CR0054,2024-05-01,instagram,carousel,451,4524,4977,4977,200,False
P00713,C022,CR0153,2024-05-02,instagram,carousel,72,244,252,252,0,False
P00714,C022,CR0153,2024-05-05,instagram,carousel,51,535,535,535,0,False
P00715,C022,CR0161,2024-04-13,instagram,carousel,226,1198,1930,1930,0,False
P00716,C022,CR0192,2024-04-17,instagram,carousel,2972,9360,12642,12642,800,False
P00717,C022,CR0195,2024-04-17,instagram,carousel,19,62,68,68,0,False
P00718,C022,CR0195,2024-05-01,instagram,carousel,22,69,78,78,0,False
P00719,C022,CR0205,2024-05-09,instagram,carousel,70,120,120,120,0,False
P00720,C022,CR0230,2024-04-26,instagram,carousel,22,189,295,295,0,False
P00721,C022,CR0233,2024-04-16,instagram,carousel,38,356,525,525,0,False
P00722,C022,CR0233,2024-04-17,instagram,reel,32,300,1008,1008,0,False
P00723,C022,CR0234,2024-04-20,instagram,reel,18983,66101,138564,138564,800,False
P00724,C022,CR0249,2024-04-30,instagram,carousel,39,262,289,289,0,False
P00725,C022,CR0249,2024-05-02,instagram,reel,47,154,163,163,0,False
P00726,C022,CR0249,2024-05-03,instagram,reel,41,158,163,163,0,False
P00727,C022,CR0253,2024-04-25,instagram,carousel,4828,33640,50445,50445,800,False
P00728,C022,CR0253,2024-05-07,instagram,carousel,7163,28899,28899,28899,800,False
P00729,C022,CR0274,2024-04-15,instagram,reel,365,2187,3421,3421,200,False
P00730,C022,CR0274,2024-04-22,instagram,carousel,390,1958,2484,2484,200,False
P00731,C022,CR0375,2024-04-20,instagram,carousel,11,29,31,31,0,False
P00732,C022,CR0375,2024-05-04,instagram,carousel,17,53,53,53,0,False
P00733,C022,CR0378,2024-04-23,instagram,carousel,115,471,1091,1091,0,False
P00734,C022,CR0378,2024-04-26,instagram,carousel,99,450,1202,1202,0,False
P00735,C022,CR0378,2024-05-03,instagram,carousel,61,508,626,626,0,False
P00736,C022,CR0380,2024-05-01,instagram,carousel,854,2541,2541,2541,200,False
P00737,C022,CR0403,2024-04-20,instagram,carousel,2532,9388,11533,11533,800,False
P00738,C022,CR0403,2024-04-24,instagram,reel,1573,10431,12422,12422,800,False
P00739,C022,CR0427,2024-04-14,instagram,reel,7169,12130,12309,12309,800,True
P00740,C022,CR0432,2024-05-09,instagram,carousel,81,159,159,159,0,False
P00741,C022,CR0442,2024-04-18,instagram,carousel,73,366,947,947,0,False
P00742,C022,CR0447,2024-04-28,instagram,carousel,12650,82506,215772,215772,800,False
P00743,C022,CR0451,2024-04-17,instagram,reel,436,1152,1368,1368,0,False
P00744,C022,CR0451,2024-04-20,instagram,carousel,406,1168,2966,2966,200,False
P00745,C022,CR0463,2024-04-22,instagram,carousel,50,676,768,768,0,True
P00746,C022,CR0463,2024-04-25,instagram,carousel,60,187,209,209,0,False
P00747,C022,CR0463,2024-04-26,instagram,carousel,170,355,443,443,0,False
P00748,C022,CR0485,2024-04-24,instagram,carousel,79,424,586,586,0,False
P00749,C022,CR0485,2024-05-05,instagram,carousel,128,790,790,790,0,False
P00750,C023,CR0003,2024-04-27,instagram,carousel,568,3384,3648,3648,300,False
P00751,C023,CR0003,2024-05-05,instagram,carousel,339,666,666,666,0,False
P00752,C023,CR0003,2024-05-06,instagram,reel,247,247,247,247,0,False
P00753,C023,CR0035,2024-05-02,instagram,carousel,66,306,306,306,0,False
P00754,C023,CR0089,2024-04-25,instagram,reel,1165,6791,7710,7710,800,False
P00755,C023,CR0114,2024-05-06,instagram,carousel,1090,1090,1090,1090,0,False
P00756,C023,CR0129,2024-04-30,instagram,carousel,29,90,90,90,0,False
P00757,C023,CR0131,2024-04-28,instagram,reel,27,141,183,183,0,False
P00758,C023,CR0134,2024-05-03,instagram,carousel,229,444,444,444,0,False
P00759,C023,CR0151,2024-04-28,instagram,carousel,743,1562,1623,1623,0,True
P00760,C023,CR0161,2024-04-26,instagram,reel,262,823,941,941,0,False
P00761,C023,CR0161,2024-05-02,instagram,reel,342,831,831,831,0,False
P00762,C023,CR0169,2024-04-28,instagram,carousel,64,437,519,519,0,False
P00763,C023,CR0174,2024-05-05,instagram,carousel,1687,10286,10286,10286,800,False
P00764,C023,CR0193,2024-05-06,instagram,carousel,592,592,592,592,0,False
P00765,C023,CR0208,2024-05-02,instagram,reel,92,336,336,336,0,False
P00766,C023,CR0224,2024-04-27,instagram,carousel,57,180,222,222,0,False
P00767,C023,CR0225,2024-05-06,instagram,carousel,72,72,72,72,0,False
P00768,C023,CR0230,2024-04-25,instagram,carousel,21,213,241,241,0,False
P00769,C023,CR0240,2024-05-02,instagram,reel,25,117,117,117,0,False
P00770,C023,CR0241,2024-04-25,instagram,carousel,30,96,175,175,0,False
P00771,C023,CR0247,2024-05-06,instagram,carousel,6872,6872,6872,6872,800,False
P00772,C023,CR0252,2024-04-28,instagram,carousel,34,526,557,557,0,False
P00773,C023,CR0253,2024-05-01,instagram,carousel,8810,42374,42374,42374,800,False
P00774,C023,CR0263,2024-04-30,instagram,carousel,12143,865652,865652,865652,800,True
P00775,C023,CR0305,2024-05-01,instagram,reel,20,170,170,170,0,False
P00776,C023,CR0305,2024-05-02,instagram,reel,36,172,172,172,0,False
P00777,C023,CR0321,2024-04-29,instagram,carousel,33,134,146,146,0,False
P00778,C023,CR0327,2024-05-02,instagram,carousel,359,732,732,732,0,False
P00779,C023,CR0343,2024-04-27,instagram,reel,24,102,102,102,0,False
P00780,C023,CR0343,2024-04-30,instagram,carousel,28,154,154,154,0,False
P00781,C023,CR0343,2024-05-03,instagram,carousel,14,45,45,45,0,False
P00782,C023,CR0369,2024-05-04,instagram,reel,23,68,68,68,0,False
P00783,C023,CR0375,2024-04-27,instagram,carousel,9,74,106,106,0,False
P00784,C023,CR0385,2024-05-05,instagram,carousel,13,22,22,22,0,False
P00785,C023,CR0395,2024-05-05,instagram,reel,60,118,118,118,0,False
P00786,C023,CR0416,2024-04-29,instagram,carousel,84,320,339,339,0,False
P00787,C023,CR0427,2024-04-28,instagram,carousel,1000,7764,8566,8566,800,False
P00788,C023,CR0447,2024-05-01,instagram,carousel,22198,84706,84706,84706,800,False
P00789,C024,CR0002,2024-05-19,instagram,carousel,13,66,85,85,0,False
P00790,C024,CR0006,2024-05-11,instagram,reel,508,868,1019,1019,200,True
P00791,C024,CR0014,2024-05-11,instagram,reel,36,117,181,181,100,False
P00792,C024,CR0035,2024-05-27,instagram,reel,46,354,559,559,200,False
P00793,C024,CR0039,2024-05-12,instagram,carousel,660,4361,5267,5267,200,False
P00794,C024,CR0039,2024-05-16,instagram,carousel,362,2284,2614,2614,200,False
P00795,C024,CR0089,2024-05-29,instagram,reel,300,1189,1189,1189,200,False
P00796,C024,CR0101,2024-05-15,instagram,reel,20,89,172,172,100,False
P00797,C024,CR0101,2024-05-18,instagram,carousel,20,70,112,112,100,False
P00798,C024,CR0103,2024-05-11,instagram,carousel,8778,48984,65080,65080,200,False
P00799,C024,CR0103,2024-05-19,instagram,carousel,5912,18870,24844,24844,200,False
P00800,C024,CR0104,2024-05-19,instagram,carousel,16952,33900,35585,35585,200,False
P00801,C024,CR0104,2024-06-07,instagram,reel,3578,5897,5897,5897,200,False
P00802,C024,CR0128,2024-05-14,instagram,carousel,21,89,112,112,100,False
P00803,C024,CR0128,2024-05-27,instagram,reel,35,154,190,190,100,False
P00804,C024,CR0177,2024-05-28,instagram,carousel,43,272,393,393,100,False
P00805,C024,CR0178,2024-05-13,instagram,reel,904,2845,3979,3979,200,False
P00806,C024,CR0190,2024-05-26,instagram,reel,675,2453,2512,2512,200,False
P00807,C024,CR0190,2024-05-28,instagram,reel,1132,5210,11965,11965,200,False
P00808,C024,CR0190,2024-06-06,instagram,carousel,799,2118,2118,2118,200,False
P00809,C024,CR0217,2024-05-10,instagram,reel,70,121,131,131,100,False
P00810,C024,CR0224,2024-05-19,instagram,carousel,15,38,38,38,0,False
P00811,C024,CR0242,2024-05-13,instagram,carousel,306,586,713,713,200,True
P00812,C024,CR0249,2024-06-07,instagram,reel,23,45,45,45,0,False
P00813,C024,CR0263,2024-05-18,instagram,reel,7561,23784,26660,26660,200,False
P00814,C024,CR0266,2024-05-06,instagram,carousel,31,201,201,201,100,False
P00815,C024,CR0266,2024-05-10,instagram,reel,38,283,345,345,100,False
P00816,C024,CR0271,2024-05-07,instagram,reel,29,139,162,162,100,False
P00817,C024,CR0282,2024-05-09,instagram,reel,22,75,78,78,0,False
P00818,C024,CR0284,2024-05-26,instagram,carousel,851,2258,2574,2574,200,False
P00819,C024,CR0296,2024-05-16,instagram,carousel,15,96,105,105,100,False
P00820,C024,CR0350,2024-05-20,instagram,reel,20,63,70,70,0,False
P00821,C024,CR0350,2024-05-29,instagram,carousel,13,41,55,55,0,False
P00822,C024,CR0364,2024-06-08,instagram,reel,12,12,12,12,0,False
P00823,C024,CR0367,2024-05-06,instagram,carousel,8,26,48,48,0,False
P00824,C024,CR0367,2024-05-11,instagram,carousel,15,49,68,68,0,False
P00825,C024,CR0416,2024-05-22,instagram,carousel,52,409,734,734,200,False
P00826,C024,CR0416,2024-05-30,instagram,carousel,31,120,133,133,100,False
P00827,C024,CR0416,2024-06-03,instagram,reel,30,119,119,119,100,False
P00828,C024,CR0416,2024-06-07,instagram,carousel,52,102,102,102,100,False
P00829,C024,CR0443,2024-05-04,instagram,reel,628,2892,4190,4190,200,False
P00830,C024,CR0443,2024-06-03,instagram,carousel,642,3417,3417,3417,200,False
P00831,C024,CR0443,2024-06-07,instagram,reel,575,1520,1520,1520,200,False
P00832,C024,CR0443,2024-06-08,instagram,reel,561,561,561,561,200,False
P00833,C024,CR0462,2024-05-12,instagram,carousel,1142,8995,16988,16988,200,False
P00834,C024,CR0462,2024-05-13,instagram,carousel,1157,3074,3839,3839,200,False
P00835,C024,CR0466,2024-05-14,instagram,carousel,15,37,59,59,0,False
P00836,C024,CR0466,2024-05-29,instagram,carousel,15,70,74,74,0,False
P00837,C024,CR0466,2024-06-02,instagram,carousel,11,100,100,100,100,False
P00838,C024,CR0471,2024-05-05,instagram,carousel,355,1295,2521,2521,200,False
P00839,C024,CR0471,2024-05-19,instagram,carousel,297,1210,1287,1287,200,False
P00840,C024,CR0471,2024-05-30,instagram,reel,243,1169,1393,1393,200,False
P00841,C024,CR0473,2024-05-21,instagram,carousel,11,35,45,45,0,False
P00842,C025,CR0011,2024-05-26,instagram,carousel,65,508,1076,1076,0,False
P00843,C025,CR0024,2024-06-01,instagram,carousel,14,34,39,39,0,False
P00844,C025,CR0035,2024-05-26,instagram,carousel,148,1929,2551,2551,0,False
P00845,C025,CR0074,2024-05-28,instagram,carousel,842,2649,3974,3974,0,False
P00846,C025,CR0094,2024-05-24,instagram,carousel,36,114,126,126,0,False
P00847,C025,CR0094,2024-06-01,instagram,carousel,35,316,349,349,0,False
P00848,C025,CR0127,2024-05-15,instagram,carousel,16536,65274,204802,204802,11700,False
P00849,C025,CR0127,2024-06-06,instagram,carousel,13286,27971,27971,27971,0,False
P00850,C025,CR0181,2024-05-21,instagram,carousel,6800,22246,30106,30106,0,False
P00851,C025,CR0181,2024-05-29,instagram,carousel,12728,62677,76486,76486,0,False
P00852,C025,CR0205,2024-06-07,instagram,reel,62,160,160,160,0,False
P00853,C025,CR0214,2024-05-19,instagram,reel,63,342,426,426,0,False
P00854,C025,CR0234,2024-05-04,instagram,reel,10823,113514,166785,166838,11700,False
P00855,C025,CR0234,2024-05-20,instagram,reel,21807,67950,75076,75076,0,False
P00856,C025,CR0234,2024-05-29,instagram,carousel,13575,41564,54438,54438,0,False
P00857,C025,CR0234,2024-06-02,instagram,carousel,13965,45231,47873,47873,0,False
P00858,C025,CR0234,2024-06-04,instagram,carousel,13182,64014,64014,64014,0,False
P00859,C025,CR0256,2024-06-02,instagram,carousel,77,175,180,180,0,False
P00860,C025,CR0256,2024-06-09,instagram,carousel,74,164,164,164,0,False
P00861,C025,CR0262,2024-05-22,instagram,reel,41,126,126,126,0,False
P00862,C025,CR0271,2024-06-01,instagram,carousel,107,335,372,372,0,False
P00863,C025,CR0271,2024-06-10,instagram,reel,87,87,87,87,0,False
P00864,C025,CR0272,2024-05-24,instagram,carousel,580,2211,2797,2797,0,False
P00865,C025,CR0272,2024-05-28,instagram,carousel,1060,3703,4152,4152,0,False
P00866,C025,CR0273,2024-05-27,instagram,carousel,18153,102646,102646,102646,11700,False
P00867,C025,CR0273,2024-06-04,instagram,carousel,20695,47926,47926,47926,0,False
P00868,C025,CR0280,2024-05-18,instagram,reel,4128,13367,21101,21101,0,False
P00869,C025,CR0284,2024-05-06,instagram,carousel,2152,5859,6656,6674,0,False
P00870,C025,CR0284,2024-05-09,instagram,carousel,2041,9772,11827,11827,0,False
P00871,C025,CR0284,2024-05-11,instagram,reel,3857,14262,14262,14262,0,False
P00872,C025,CR0324,2024-05-18,instagram,carousel,5112,28858,90039,90039,0,False
P00873,C025,CR0324,2024-05-22,instagram,carousel,4252,22249,25006,25006,0,False
P00874,C025,CR0362,2024-05-09,instagram,carousel,19,453,1544,1646,0,False
P00875,C025,CR0370,2024-05-25,instagram,carousel,84,318,762,762,0,False
P00876,C025,CR0379,2024-05-12,instagram,carousel,1847,13657,16255,16255,0,False
P00877,C025,CR0379,2024-05-17,instagram,carousel,2029,8994,22995,22995,0,False
P00878,C025,CR0379,2024-05-21,instagram,reel,1504,11680,14472,14472,0,False
P00879,C025,CR0379,2024-06-02,instagram,reel,2042,18040,23533,23533,0,False
P00880,C025,CR0379,2024-06-03,instagram,carousel,1249,8052,8925,8925,0,False
P00881,C025,CR0434,2024-05-25,instagram,carousel,26475,50511,64232,64232,0,False
P00882,C025,CR0434,2024-05-31,instagram,carousel,10830,79137,88811,88811,0,False
P00883,C025,CR0438,2024-06-08,instagram,carousel,1321,2930,2930,2930,0,False
P00884,C025,CR0462,2024-05-08,instagram,carousel,5169,20666,33734,33835,0,False
P00885,C025,CR0471,2024-06-09,instagram,carousel,606,1346,1346,1346,0,False
P00886,C026,CR0022,2024-05-14,instagram,carousel,42,368,486,486,0,False
P00887,C026,CR0027,2024-05-17,instagram,carousel,284,1683,1683,1683,100,False
P00888,C026,CR0027,2024-05-18,instagram,carousel,367,1750,1750,1750,100,False
P00889,C026,CR0054,2024-05-23,instagram,carousel,307,307,307,307,0,False
P00890,C026,CR0061,2024-05-17,instagram,carousel,4934,112658,112658,112658,4500,True
P00891,C026,CR0076,2024-05-07,instagram,carousel,8998,114019,140165,140165,4500,False
P00892,C026,CR0079,2024-05-18,instagram,reel,8506,25654,25654,25654,900,False
P00893,C026,CR0096,2024-05-09,instagram,reel,104,1841,2292,2292,200,True
P00894,C026,CR0096,2024-05-12,instagram,carousel,344,652,729,729,100,False
P00895,C026,CR0096,2024-05-19,instagram,carousel,102,549,549,549,100,False
P00896,C026,CR0159,2024-05-08,instagram,carousel,720,3928,4382,4382,200,False
P00897,C026,CR0159,2024-05-12,instagram,carousel,891,5732,10399,10399,900,False
P00898,C026,CR0160,2024-05-08,instagram,carousel,898,2825,3278,3278,200,False
P00899,C026,CR0193,2024-05-16,instagram,carousel,478,1043,1050,1050,100,False
P00900,C026,CR0193,2024-05-17,instagram,carousel,571,2254,2254,2254,200,False
P00901,C026,CR0207,2024-05-18,instagram,reel,3145,17786,17786,17786,900,False
P00902,C026,CR0273,2024-05-15,instagram,reel,18269,145064,165636,165636,4500,False
P00903,C026,CR0289,2024-05-21,instagram,reel,119,345,345,345,0,False
P00904,C026,CR0291,2024-05-11,instagram,reel,9483,41949,74702,74702,4500,False
P00905,C026,CR0291,2024-05-12,instagram,carousel,10944,40411,40411,40411,900,False
P00906,C026,CR0342,2024-05-16,instagram,carousel,2770,16169,17288,17288,900,False
P00907,C026,CR0367,2024-05-13,instagram,reel,49,304,861,861,100,False
P00908,C026,CR0368,2024-05-22,instagram,reel,90,154,154,154,0,False
P00909,C026,CR0406,2024-05-19,instagram,carousel,72,560,560,560,100,False
P00910,C026,CR0406,2024-05-20,instagram,carousel,73,188,188,188,0,False
P00911,C026,CR0411,2024-05-19,instagram,reel,58,451,451,451,0,False
P00912,C026,CR0416,2024-05-09,instagram,carousel,55,204,286,286,0,False
P00913,C026,CR0416,2024-05-13,instagram,carousel,105,434,492,492,0,False
P00914,C026,CR0432,2024-05-07,instagram,carousel,86,311,903,903,100,False
P00915,C026,CR0434,2024-05-13,instagram,carousel,8730,32062,37302,37302,900,False
P00916,C026,CR0434,2024-05-14,instagram,carousel,11233,74223,79948,79948,4500,False
P00917,C026,CR0462,2024-05-09,instagram,reel,3404,14341,23634,23634,900,False
P00918,C026,CR0465,2024-05-18,instagram,reel,23,129,129,129,0,False
P00919,C026,CR0465,2024-05-19,instagram,carousel,40,199,199,199,0,False
P00920,C026,CR0475,2024-05-17,instagram,carousel,294,1386,1386,1386,100,False
P00921,C026,CR0489,2024-05-21,instagram,carousel,1708,3159,3159,3159,200,False
P00922,C026,CR0489,2024-05-22,instagram,carousel,2293,3924,3924,3924,200,False
P00923,C026,CR0491,2024-05-23,instagram,reel,396,396,396,396,0,False
P00924,C026,CR0500,2024-05-19,instagram,carousel,53,271,271,271,0,False
P00925,C027,CR0007,2024-05-25,instagram,reel,27,85,85,85,0,False
P00926,C027,CR0011,2024-05-27,instagram,carousel,42,42,42,42,0,False
P00927,C027,CR0038,2024-05-20,instagram,carousel,7353,42921,45892,45892,1900,False
P00928,C027,CR0058,2024-05-16,instagram,carousel,775,2707,3132,3132,0,False
P00929,C027,CR0058,2024-05-26,instagram,reel,874,1717,1717,1717,0,False
P00930,C027,CR0089,2024-05-23,instagram,reel,1440,4345,4345,4345,0,False
P00931,C027,CR0098,2024-05-20,instagram,reel,58,176,183,183,0,False
P00932,C027,CR0133,2024-05-25,instagram,reel,56,117,117,117,0,False
P00933,C027,CR0136,2024-05-20,instagram,carousel,24,132,145,145,0,False
P00934,C027,CR0142,2024-05-19,instagram,carousel,109,3160,3850,3850,0,False
P00935,C027,CR0145,2024-05-18,instagram,reel,8105,70435,92074,92074,1900,False
P00936,C027,CR0145,2024-05-19,instagram,carousel,2143,14159,15126,15126,1000,False
P00937,C027,CR0159,2024-05-18,instagram,reel,690,4801,10964,10964,1000,False
P00938,C027,CR0161,2024-05-20,instagram,reel,268,929,944,944,0,False
P00939,C027,CR0166,2024-05-21,instagram,carousel,86,170,170,170,0,False
P00940,C027,CR0168,2024-05-18,instagram,carousel,29,99,102,102,0,False
P00941,C027,CR0187,2024-05-19,instagram,carousel,44,138,166,166,0,False
P00942,C027,CR0206,2024-05-19,instagram,carousel,115,762,972,972,0,False
P00943,C027,CR0211,2024-05-16,instagram,carousel,51,268,285,285,0,False
P00944,C027,CR0223,2024-05-18,instagram,carousel,268,791,926,926,0,False
P00945,C027,CR0223,2024-05-21,instagram,reel,415,3061,3061,3061,0,False
P00946,C027,CR0230,2024-05-18,instagram,reel,33,115,115,115,0,False
P00947,C027,CR0230,2024-05-21,instagram,carousel,27,111,111,111,0,False
P00948,C027,CR0230,2024-05-26,instagram,reel,23,39,39,39,0,False
P00949,C027,CR0243,2024-05-23,instagram,carousel,96,472,472,472,0,False
P00950,C027,CR0261,2024-05-25,instagram,carousel,77,287,287,287,0,False
P00951,C027,CR0330,2024-05-20,instagram,reel,35,111,117,117,0,False
P00952,C027,CR0330,2024-05-23,instagram,carousel,33,81,81,81,0,False
P00953,C027,CR0371,2024-05-25,instagram,carousel,2910,15557,15557,15557,1000,False
P00954,C027,CR0378,2024-05-22,instagram,carousel,46,207,207,207,0,False
P00955,C027,CR0380,2024-05-26,instagram,carousel,884,1513,1513,1513,0,False
P00956,C027,CR0388,2024-05-21,instagram,reel,125,441,441,441,0,False
P00957,C027,CR0422,2024-05-24,instagram,carousel,3676,13952,13952,13952,1000,False
P00958,C027,CR0422,2024-05-26,instagram,reel,4872,9574,9574,9574,0,False
P00959,C027,CR0439,2024-05-25,instagram,carousel,23,42,42,42,0,False
P00960,C027,CR0473,2024-05-17,instagram,reel,44,380,590,590,0,False
P00961,C027,CR0476,2024-05-18,instagram,carousel,14,60,68,68,0,False
P00962,C027,CR0476,2024-05-19,instagram,carousel,13,166,200,200,0,False
P00963,C027,CR0493,2024-05-17,instagram,carousel,5937,14964,16243,16243,1000,False
P00964,C028,CR0026,2024-06-21,instagram,carousel,3836,8431,8758,8758,1400,False
P00965,C028,CR0026,2024-06-24,instagram,reel,2536,5899,5899,5899,1400,False
P00966,C028,CR0071,2024-06-26,instagram,reel,70,140,140,140,0,False
P00967,C028,CR0077,2024-06-12,instagram,reel,9,43,45,45,0,False
P00968,C028,CR0098,2024-05-31,instagram,carousel,19,67,265,265,0,False
P00969,C028,CR0108,2024-05-30,instagram,reel,29,124,124,124,0,False
P00970,C028,CR0109,2024-06-01,instagram,carousel,8,24,24,24,0,False
P00971,C028,CR0110,2024-05-30,instagram,reel,19,121,144,144,0,False
P00972,C028,CR0110,2024-06-11,instagram,carousel,28,151,167,167,0,False
P00973,C028,CR0110,2024-06-26,instagram,carousel,24,64,64,64,0,False
P00974,C028,CR0110,2024-06-27,instagram,carousel,24,63,63,63,0,False
P00975,C028,CR0125,2024-06-08,instagram,carousel,15,37,39,39,0,False
P00976,C028,CR0141,2024-06-11,instagram,carousel,51,206,292,292,0,False
P00977,C028,CR0149,2024-05-22,instagram,carousel,50,149,149,149,0,False
P00978,C028,CR0158,2024-06-11,instagram,carousel,34,180,310,310,0,False
P00979,C028,CR0159,2024-05-29,instagram,carousel,323,806,1371,1371,300,False
P00980,C028,CR0163,2024-05-28,instagram,carousel,76,237,322,326,0,False
P00981,C028,CR0163,2024-05-29,instagram,carousel,104,630,732,736,100,False
P00982,C028,CR0164,2024-06-15,instagram,carousel,899,1811,1811,1811,300,False
P00983,C028,CR0164,2024-06-21,instagram,reel,621,18617,21381,21381,5600,False
P00984,C028,CR0181,2024-05-30,instagram,reel,3777,72898,101752,101752,5600,False
P00985,C028,CR0181,2024-06-04,instagram,carousel,4147,13045,14518,14518,1400,False
P00986,C028,CR0181,2024-06-13,instagram,carousel,4327,16494,19091,19091,1400,False
P00987,C028,CR0181,2024-06-18,instagram,carousel,4746,20351,20351,20351,5600,False
P00988,C028,CR0192,2024-05-19,instagram,reel,989,7086,19118,19120,1400,False
P00989,C028,CR0192,2024-05-20,instagram,carousel,923,8954,8954,8954,1400,False
P00990,C028,CR0195,2024-06-24,instagram,carousel,10,35,35,35,0,False
P00991,C028,CR0225,2024-06-10,instagram,carousel,19,121,133,133,0,False
P00992,C028,CR0225,2024-06-13,instagram,carousel,17,61,65,65,0,False
P00993,C028,CR0227,2024-05-31,instagram,carousel,107,240,444,444,0,False
P00994,C028,CR0246,2024-06-25,instagram,carousel,382,1168,1168,1168,300,False
P00995,C028,CR0246,2024-06-27,instagram,carousel,211,468,468,468,0,False
P00996,C028,CR0262,2024-06-19,instagram,carousel,8,16,16,16,0,False
P00997,C028,CR0262,2024-06-22,instagram,carousel,14,46,46,46,0,False
P00998,C028,CR0262,2024-06-23,instagram,reel,13,33,33,33,0,False
P00999,C028,CR0263,2024-06-25,instagram,reel,5291,13698,13698,13698,1400,False
P01000,C028,CR0290,2024-05-30,instagram,reel,488,2487,5188,5188,1400,False
P01001,C028,CR0311,2024-06-05,instagram,carousel,26,147,296,296,0,False
P01002,C028,CR0311,2024-06-11,instagram,reel,43,217,285,285,0,False
P01003,C028,CR0313,2024-05-25,instagram,reel,20,3848,4622,4622,700,True
P01004,C028,CR0313,2024-05-28,instagram,carousel,120,237,256,260,0,True
P01005,C028,CR0313,2024-06-10,instagram,reel,62,149,157,157,0,False
P01006,C028,CR0324,2024-06-10,instagram,carousel,1490,20593,23104,23104,5600,False
P01007,C028,CR0324,2024-06-26,instagram,reel,1995,4390,4390,4390,700,False
P01008,C028,CR0344,2024-05-20,instagram,carousel,3118,36981,58747,58872,5600,False
P01009,C028,CR0344,2024-05-27,instagram,carousel,4750,14942,16283,16283,1400,False
P01010,C028,CR0344,2024-06-08,instagram,reel,3919,12212,14861,14861,1400,False
P01011,C028,CR0358,2024-06-22,instagram,carousel,18,56,56,56,0,False
P01012,C028,CR0388,2024-05-29,instagram,carousel,44,144,228,231,0,False
P01013,C028,CR0388,2024-06-09,instagram,reel,60,229,1676,1676,300,False
P01014,C028,CR0433,2024-06-21,instagram,carousel,33,127,130,130,0,False
P01015,C028,CR0450,2024-06-17,instagram,reel,945,5229,6496,6496,1400,False
P01016,C028,CR0473,2024-06-22,instagram,reel,12,61,61,61,0,False
P01017,C028,CR0475,2024-06-14,instagram,carousel,149,468,545,545,100,False
P01018,C028,CR0489,2024-06-07,instagram,carousel,4746,10665,14416,14416,1400,False
P01019,C028,CR0489,2024-06-25,instagram,carousel,3180,7742,7742,7742,1400,False
P01020,C028,CR0489,2024-06-26,instagram,reel,3379,5592,5592,5592,1400,False
P01021,C028,CR0489,2024-06-27,instagram,carousel,814,3712,3712,3712,700,False
P01022,C028,CR0498,2024-06-09,instagram,carousel,27,113,140,140,0,False
P01023,C029,CR0031,2024-06-20,youtube,long_form,23,60,60,60,0,False
P01024,C029,CR0080,2024-06-13,youtube,long_form,21,67,73,73,0,False
P01025,C029,CR0080,2024-06-19,youtube,short,21,69,69,69,0,False
P01026,C029,CR0080,2024-06-21,youtube,long_form,14,36,36,36,0,False
P01027,C029,CR0080,2024-06-22,youtube,long_form,23,67,67,67,0,False
P01028,C029,CR0119,2024-06-24,youtube,long_form,24,24,24,24,0,False
P01029,C029,CR0122,2024-06-11,youtube,long_form,62,316,356,356,0,False
P01030,C029,CR0333,2024-05-20,youtube,long_form,94,258,367,367,0,False
P01031,C029,CR0340,2024-06-23,youtube,short,158,245,245,245,0,False
P01032,C029,CR0363,2024-06-07,youtube,long_form,41,295,730,730,0,False
P01033,C029,CR0363,2024-06-22,youtube,short,26,57,57,57,0,False
P01034,C029,CR0363,2024-06-24,youtube,short,44,44,44,44,0,False
P01035,C029,CR0401,2024-06-09,youtube,short,166,636,805,805,0,False
P01036,C029,CR0459,2024-06-23,youtube,short,112,249,249,249,0,False
P01037,C029,CR0469,2024-05-31,youtube,short,2593,8983,10730,10730,800,False
P01038,C029,CR0469,2024-06-05,youtube,long_form,2703,21777,34150,34150,3400,False
P01039,C029,CR0472,2024-06-01,youtube,short,4834,49200,85674,85674,3400,False
P01040,C029,CR0472,2024-06-14,youtube,long_form,6362,34644,42373,42373,3400,False
P01041,C029,CR0484,2024-06-20,youtube,short,2690,8543,8543,8543,800,False
P01042,C029,CR0484,2024-06-21,youtube,long_form,3629,9355,9355,9355,800,False
P01043,C029,CR0484,2024-06-22,youtube,long_form,2552,7353,7353,7353,800,False
P01044,C030,CR0031,2024-06-14,youtube,long_form,9,39,40,40,0,False
P01045,C030,CR0113,2024-06-23,youtube,short,2698,35980,121617,121617,14600,False
P01046,C030,CR0113,2024-06-29,youtube,long_form,3124,12463,17448,17448,1500,False
P01047,C030,CR0117,2024-06-23,youtube,long_form,47,392,438,438,100,False
P01048,C030,CR0117,2024-07-03,youtube,short,37,136,141,141,0,False
P01049,C030,CR0117,2024-07-04,youtube,long_form,54,227,227,227,0,False
P01050,C030,CR0138,2024-06-29,youtube,short,5236,46431,72207,72207,3700,False
P01051,C030,CR0172,2024-07-04,youtube,short,73,210,210,210,0,False
P01052,C030,CR0185,2024-06-25,youtube,long_form,37,57,57,57,0,False
P01053,C030,CR0185,2024-07-01,youtube,long_form,49,385,562,562,100,False
P01054,C030,CR0185,2024-07-02,youtube,short,32,253,312,312,100,False
P01055,C030,CR0250,2024-06-25,youtube,long_form,6445,61483,137674,137674,14600,False
P01056,C030,CR0260,2024-07-09,youtube,short,293,502,502,502,100,False
P01057,C030,CR0298,2024-06-25,youtube,short,28,91,114,114,0,False
P01058,C030,CR0298,2024-07-04,youtube,long_form,37,107,107,107,0,False
P01059,C030,CR0298,2024-07-09,youtube,short,38,59,59,59,0,False
P01060,C030,CR0329,2024-06-10,youtube,long_form,39,331,573,573,100,False
P01061,C030,CR0329,2024-06-15,youtube,long_form,46,177,194,194,0,False
P01062,C030,CR0329,2024-06-16,youtube,long_form,20,106,144,144,0,False
P01063,C030,CR0329,2024-06-21,youtube,long_form,36,201,233,233,0,False
P01064,C030,CR0329,2024-06-24,youtube,long_form,41,130,138,138,0,False
P01065,C030,CR0333,2024-06-18,youtube,long_form,37,295,1014,1014,200,False
P01066,C030,CR0333,2024-06-20,youtube,short,28,88,93,93,0,False
P01067,C030,CR0333,2024-06-27,youtube,long_form,47,162,190,190,0,False
P01068,C030,CR0483,2024-06-18,youtube,long_form,5177,16284,17867,17867,1500,False
P01069,C030,CR0497,2024-07-09,youtube,short,1240,1920,1920,1920,200,False
P01070,C031,CR0005,2024-06-21,instagram,reel,37,176,176,176,0,False
P01071,C031,CR0012,2024-06-23,instagram,carousel,65,111,111,111,0,False
P01072,C031,CR0030,2024-06-15,instagram,carousel,48,188,207,207,0,False
P01073,C031,CR0045,2024-06-08,instagram,carousel,349,645,703,703,0,False
P01074,C031,CR0045,2024-06-14,instagram,carousel,787,1639,2010,2010,200,True
P01075,C031,CR0069,2024-06-16,instagram,reel,700,1927,2184,2184,200,False
P01076,C031,CR0090,2024-06-21,instagram,reel,30,84,84,84,0,False
P01077,C031,CR0096,2024-06-09,instagram,carousel,149,1843,4358,4358,600,False
P01078,C031,CR0106,2024-06-11,instagram,carousel,166,2318,4698,4698,600,False
P01079,C031,CR0106,2024-06-12,instagram,reel,235,1792,3304,3304,600,False
P01080,C031,CR0125,2024-06-23,instagram,reel,39,104,104,104,0,False
P01081,C031,CR0136,2024-06-12,instagram,carousel,74,253,317,317,0,False
P01082,C031,CR0136,2024-06-17,instagram,carousel,27,169,195,195,0,False
P01083,C031,CR0136,2024-06-20,instagram,carousel,32,333,333,333,0,False
P01084,C031,CR0142,2024-06-10,instagram,carousel,336,2117,4279,4279,600,False
P01085,C031,CR0220,2024-06-21,instagram,carousel,1777,4580,4580,4580,600,False
P01086,C031,CR0252,2024-06-06,instagram,carousel,120,459,632,632,0,False
P01087,C031,CR0252,2024-06-14,instagram,carousel,73,230,251,251,0,False
P01088,C031,CR0252,2024-06-17,instagram,reel,77,340,362,362,0,False
P01089,C031,CR0255,2024-06-13,instagram,reel,72,665,1004,1004,200,False
P01090,C031,CR0261,2024-06-04,instagram,carousel,147,811,952,952,0,False
P01091,C031,CR0261,2024-06-13,instagram,carousel,88,609,771,771,0,False
P01092,C031,CR0261,2024-06-20,instagram,carousel,127,383,383,383,0,False
P01093,C031,CR0278,2024-06-01,instagram,carousel,17023,39422,39422,39422,6200,False
P01094,C031,CR0278,2024-06-05,instagram,carousel,15528,116358,207529,207529,12500,False
P01095,C031,CR0278,2024-06-18,instagram,carousel,21385,134810,134810,134810,12500,False
P01096,C031,CR0279,2024-06-16,instagram,reel,56,299,398,398,0,False
P01097,C031,CR0279,2024-06-23,instagram,reel,96,189,189,189,0,False
P01098,C031,CR0327,2024-06-12,instagram,reel,70,436,558,558,0,False
P01099,C031,CR0332,2024-06-19,instagram,carousel,3676,11965,11965,11965,2500,False
P01100,C031,CR0335,2024-06-16,instagram,reel,53,194,197,197,0,False
P01101,C031,CR0342,2024-06-06,instagram,carousel,8628,34315,55233,55233,12500,False
P01102,C031,CR0342,2024-06-07,instagram,reel,6426,21306,60323,60323,12500,False
P01103,C031,CR0342,2024-06-16,instagram,reel,7631,64803,73086,73086,12500,False
P01104,C031,CR0381,2024-06-13,instagram,reel,127,911,1078,1078,200,False
P01105,C031,CR0385,2024-06-22,instagram,carousel,56,237,237,237,0,False
P01106,C031,CR0395,2024-06-04,instagram,reel,83,445,1806,1806,200,False
P01107,C031,CR0395,2024-06-19,instagram,reel,131,500,500,500,0,False
P01108,C031,CR0395,2024-06-22,instagram,reel,145,269,269,269,0,False
P01109,C031,CR0400,2024-06-12,instagram,reel,982,5106,5592,5592,600,False
P01110,C031,CR0407,2024-06-07,instagram,reel,103,553,553,553,0,False
P01111,C031,CR0407,2024-06-11,instagram,reel,94,758,1410,1410,200,False
P01112,C031,CR0407,2024-06-19,instagram,reel,152,949,949,949,0,False
P01113,C031,CR0447,2024-06-04,instagram,reel,17001,66954,115354,115354,12500,False
P01114,C031,CR0465,2024-06-09,instagram,reel,83,179,192,192,0,False
P01115,C031,CR0475,2024-06-19,instagram,reel,333,2740,2740,2740,600,False
P01116,C031,CR0488,2024-06-22,instagram,carousel,61,226,226,226,0,False
P01117,C031,CR0498,2024-06-05,instagram,carousel,134,3116,37490,37490,6200,False
P01118,C032,CR0003,2024-06-19,instagram,carousel,441,685,685,685,0,False
P01119,C032,CR0063,2024-06-02,instagram,carousel,45,466,513,513,0,True
P01120,C032,CR0085,2024-06-02,instagram,carousel,894,9129,11749,11749,1300,False
P01121,C032,CR0090,2024-06-12,instagram,carousel,12,63,68,68,0,False
P01122,C032,CR0129,2024-06-19,instagram,reel,21,42,42,42,0,False
P01123,C032,CR0131,2024-06-02,instagram,carousel,22,122,161,161,0,False
P01124,C032,CR0131,2024-06-11,instagram,carousel,10,40,73,73,0,False
P01125,C032,CR0131,2024-06-17,instagram,carousel,14,43,43,43,0,False
P01126,C032,CR0131,2024-06-19,instagram,carousel,15,33,33,33,0,False
P01127,C032,CR0146,2024-06-09,instagram,reel,3322,13870,15362,15362,1300,False
P01128,C032,CR0146,2024-06-14,instagram,reel,5590,31873,31873,31873,1300,False
P01129,C032,CR0158,2024-06-20,instagram,carousel,127,127,127,127,0,False
P01130,C032,CR0160,2024-06-07,instagram,carousel,470,4131,8323,8323,600,False
P01131,C032,CR0160,2024-06-12,instagram,reel,651,2308,2308,2308,0,False
P01132,C032,CR0162,2024-06-03,instagram,reel,62,373,607,607,0,False
P01133,C032,CR0169,2024-06-05,instagram,carousel,61,270,381,381,0,False
P01134,C032,CR0169,2024-06-08,instagram,carousel,32,126,144,144,0,False
P01135,C032,CR0221,2024-06-20,instagram,reel,49,49,49,49,0,False
P01136,C032,CR0249,2024-06-11,instagram,carousel,12,566,1205,1205,0,False
P01137,C032,CR0264,2024-06-04,instagram,carousel,9,31,43,43,0,False
P01138,C032,CR0289,2024-06-18,instagram,carousel,109,242,242,242,0,False
P01139,C032,CR0289,2024-06-19,instagram,carousel,139,367,367,367,0,False
P01140,C032,CR0309,2024-06-20,instagram,carousel,13,13,13,13,0,False
P01141,C032,CR0310,2024-06-16,instagram,carousel,4,32,32,32,0,False
P01142,C032,CR0322,2024-06-11,instagram,reel,367,732,808,808,0,True
P01143,C032,CR0322,2024-06-13,instagram,carousel,327,682,697,697,0,True
P01144,C032,CR0322,2024-06-14,instagram,reel,77,606,606,606,0,False
P01145,C032,CR0377,2024-06-18,instagram,carousel,818,1635,1635,1635,0,False
P01146,C032,CR0381,2024-06-05,instagram,carousel,19,71,104,104,0,False
P01147,C032,CR0388,2024-06-15,instagram,reel,40,225,225,225,0,False
P01148,C032,CR0392,2024-06-20,instagram,reel,10,10,10,10,0,False
P01149,C032,CR0404,2024-06-19,instagram,reel,5,9,9,9,0,False
P01150,C032,CR0427,2024-06-20,instagram,reel,282,282,282,282,0,False
P01151,C032,CR0443,2024-06-06,instagram,carousel,5455,10088,10967,10967,1300,True
P01152,C032,CR0443,2024-06-08,instagram,carousel,755,7056,7840,7840,600,True
P01153,C032,CR0443,2024-06-18,instagram,carousel,633,3327,3327,3327,0,False
P01154,C032,CR0458,2024-06-19,instagram,carousel,131,230,230,230,0,False
P01155,C033,CR0014,2024-06-09,instagram,carousel,84,349,349,349,100,False
P01156,C033,CR0027,2024-06-12,instagram,reel,304,676,676,676,100,False
P01157,C033,CR0037,2024-06-11,instagram,reel,41,146,146,146,0,False
P01158,C033,CR0055,2024-06-08,instagram,carousel,300,1187,1187,1187,300,False
P01159,C033,CR0055,2024-06-13,instagram,carousel,260,260,260,260,100,False
P01160,C033,CR0061,2024-06-12,instagram,reel,5664,8771,8771,8771,300,False
P01161,C033,CR0090,2024-06-07,instagram,carousel,28,248,248,248,100,False
P01162,C033,CR0103,2024-06-11,instagram,carousel,16693,62027,62027,62027,300,False
P01163,C033,CR0108,2024-06-11,instagram,reel,52,447,447,447,100,False
P01164,C033,CR0128,2024-06-12,instagram,carousel,184,326,326,326,100,False
P01165,C033,CR0131,2024-06-08,instagram,reel,32,197,197,197,0,False
P01166,C033,CR0131,2024-06-10,instagram,reel,35,115,115,115,0,False
P01167,C033,CR0163,2024-06-13,instagram,reel,132,132,132,132,0,False
P01168,C033,CR0195,2024-06-10,instagram,carousel,17,53,53,53,0,False
P01169,C033,CR0210,2024-06-12,instagram,carousel,37,72,72,72,0,False
P01170,C033,CR0214,2024-06-13,instagram,carousel,49,49,49,49,0,False
P01171,C033,CR0216,2024-06-11,instagram,reel,49,109,109,109,0,False
P01172,C033,CR0223,2024-06-11,instagram,carousel,213,791,791,791,100,False
P01173,C033,CR0223,2024-06-13,instagram,reel,208,208,208,208,100,False
P01174,C033,CR0230,2024-06-09,instagram,reel,22,111,111,111,0,False
P01175,C033,CR0253,2024-06-11,instagram,carousel,5063,15653,15653,15653,300,False
P01176,C033,CR0281,2024-06-13,instagram,reel,363,363,363,363,100,False
P01177,C033,CR0299,2024-06-09,instagram,carousel,350,1308,1308,1308,300,False
P01178,C033,CR0305,2024-06-12,instagram,carousel,24,47,47,47,0,False
P01179,C033,CR0322,2024-06-12,instagram,reel,135,745,745,745,100,False
P01180,C033,CR0335,2024-06-12,instagram,reel,98,160,160,160,0,False
P01181,C033,CR0345,2024-06-13,instagram,carousel,1382,1382,1382,1382,300,False
P01182,C033,CR0355,2024-06-08,instagram,carousel,38,1402,1402,1402,300,True
P01183,C033,CR0355,2024-06-11,instagram,reel,72,133,133,133,0,False
P01184,C033,CR0355,2024-06-12,instagram,carousel,36,69,69,69,0,False
P01185,C033,CR0369,2024-06-13,instagram,reel,21,21,21,21,0,False
P01186,C033,CR0375,2024-06-13,instagram,carousel,18,18,18,18,0,False
P01187,C033,CR0383,2024-06-07,instagram,carousel,29,244,244,244,100,False
P01188,C033,CR0383,2024-06-12,instagram,reel,62,106,106,106,0,False
P01189,C033,CR0398,2024-06-11,instagram,reel,20,44,44,44,0,False
P01190,C033,CR0411,2024-06-11,instagram,carousel,416,809,809,809,100,False
P01191,C033,CR0421,2024-06-12,instagram,reel,1135,1943,1943,1943,300,False
P01192,C033,CR0443,2024-06-07,instagram,reel,1167,5641,5641,5641,300,False
P01193,C033,CR0454,2024-06-08,instagram,carousel,19,84,84,84,0,False
P01194,C033,CR0467,2024-06-13,instagram,reel,30,30,30,30,0,False
P01195,C034,CR0042,2024-06-14,youtube,long_form,14,45,45,45,0,False
P01196,C034,CR0115,2024-06-11,youtube,long_form,43,194,194,194,0,False
P01197,C034,CR0180,2024-06-12,youtube,short,150,3173,3173,3173,200,False
P01198,C034,CR0201,2024-06-15,youtube,short,15,31,31,31,0,False
P01199,C034,CR0270,2024-06-14,youtube,long_form,45,359,359,359,0,False
P01200,C034,CR0286,2024-06-09,youtube,long_form,2737,41724,49535,49535,3100,False
P01201,C034,CR0286,2024-06-14,youtube,short,2522,6501,6501,6501,200,False
P01202,C034,CR0287,2024-06-17,youtube,long_form,160,160,160,160,0,False
P01203,C034,CR0303,2024-06-15,youtube,short,1156,2138,2138,2138,200,False
P01204,C034,CR0314,2024-06-09,youtube,long_form,347,1584,1674,1674,0,False
P01205,C034,CR0352,2024-06-15,youtube,short,31,80,80,80,0,False
P01206,C034,CR0418,2024-06-10,youtube,short,220,767,853,853,0,False
P01207,C034,CR0418,2024-06-11,youtube,long_form,180,2648,2648,2648,200,False
P01208,C034,CR0418,2024-06-16,youtube,short,223,590,590,590,0,False
P01209,C034,CR0419,2024-06-07,youtube,long_form,30,175,195,195,0,False
P01210,C034,CR0423,2024-06-08,youtube,short,16,101,122,122,0,False
P01211,C034,CR0469,2024-06-15,youtube,long_form,2102,5424,5424,5424,200,False
P01212,C034,CR0490,2024-06-14,youtube,short,67,134,134,134,0,False
P01213,C034,CR0494,2024-06-14,youtube,long_form,23,132,132,132,0,False
P01214,C035,CR0031,2024-06-29,youtube,short,22,266,304,304,100,True
P01215,C035,CR0031,2024-07-04,youtube,long_form,25,141,141,141,100,False
P01216,C035,CR0095,2024-07-01,youtube,long_form,981,3085,3358,3358,300,False
P01217,C035,CR0212,2024-07-08,youtube,long_form,19,51,51,51,0,False
P01218,C035,CR0212,2024-07-09,youtube,long_form,17,17,17,17,0,False
P01219,C035,CR0219,2024-06-30,youtube,short,165,574,1039,1039,200,False
P01220,C035,CR0285,2024-06-16,youtube,short,47,296,895,895,200,False
P01221,C035,CR0285,2024-07-03,youtube,long_form,62,288,288,288,100,False
P01222,C035,CR0301,2024-06-26,youtube,long_form,2144,7892,8688,8688,300,False
P01223,C035,CR0328,2024-06-20,youtube,short,68,479,686,686,200,False
P01224,C035,CR0329,2024-06-23,youtube,long_form,50,143,228,228,100,False
P01225,C035,CR0329,2024-06-27,youtube,long_form,40,109,131,131,100,False
P01226,C035,CR0329,2024-06-29,youtube,short,83,275,359,359,100,False
P01227,C035,CR0391,2024-06-16,youtube,short,37,139,139,139,100,False
P01228,C035,CR0402,2024-07-03,youtube,long_form,104,564,564,564,200,False
P01229,C035,CR0402,2024-07-04,youtube,long_form,116,1041,1041,1041,200,False
P01230,C035,CR0430,2024-07-04,youtube,long_form,765,3949,3949,3949,300,False
P01231,C035,CR0478,2024-06-26,youtube,long_form,190,1168,1339,1339,200,False
P01232,C035,CR0478,2024-06-27,youtube,long_form,108,369,506,506,200,False
P01233,C036,CR0006,2024-06-29,instagram,reel,133,501,1009,1009,200,False
P01234,C036,CR0022,2024-07-19,instagram,carousel,147,289,289,289,100,False
P01235,C036,CR0058,2024-06-18,instagram,carousel,1150,8762,10886,10899,2000,False
P01236,C036,CR0058,2024-07-07,instagram,carousel,1595,11291,24478,24478,2000,False
P01237,C036,CR0072,2024-07-16,instagram,reel,310,1292,1292,1292,200,False
P01238,C036,CR0081,2024-07-17,instagram,reel,210,643,643,643,100,False
P01239,C036,CR0085,2024-06-27,instagram,carousel,4571,15835,20683,20683,2000,False
P01240,C036,CR0092,2024-06-28,instagram,carousel,5492,27908,56498,56498,9900,False
P01241,C036,CR0092,2024-07-07,instagram,reel,11279,43429,46257,46257,2000,False
P01242,C036,CR0092,2024-07-08,instagram,carousel,11909,37463,46538,46538,2000,False
P01243,C036,CR0092,2024-07-09,instagram,carousel,7307,26274,28408,28408,2000,False
P01244,C036,CR0094,2024-07-04,instagram,carousel,73,236,297,297,100,False
P01245,C036,CR0094,2024-07-17,instagram,reel,74,226,226,226,100,False
P01246,C036,CR0101,2024-07-15,instagram,carousel,48,521,521,521,100,False
P01247,C036,CR0105,2024-06-25,instagram,reel,24,114,358,358,100,False
P01248,C036,CR0124,2024-06-14,instagram,carousel,22866,62915,80310,80704,9900,False
P01249,C036,CR0149,2024-06-19,instagram,carousel,226,1168,1703,1706,200,False
P01250,C036,CR0149,2024-06-24,instagram,carousel,157,743,935,935,100,False
P01251,C036,CR0160,2024-07-11,instagram,carousel,2102,9676,11002,11002,2000,False
P01252,C036,CR0166,2024-07-06,instagram,carousel,29,598,1590,1590,200,False
P01253,C036,CR0186,2024-07-16,instagram,carousel,908,3893,3893,3893,200,False
P01254,C036,CR0187,2024-07-20,instagram,carousel,90,90,90,90,0,False
P01255,C036,CR0190,2024-06-30,instagram,carousel,3005,35484,44568,44568,2000,True
P01256,C036,CR0190,2024-07-04,instagram,carousel,37742,81814,84007,84007,9900,True
P01257,C036,CR0207,2024-07-16,instagram,carousel,5341,14141,14141,14141,2000,False
P01258,C036,CR0207,2024-07-18,instagram,reel,6750,19550,19550,19550,2000,False
P01259,C036,CR0217,2024-06-28,instagram,carousel,63,236,336,336,100,False
P01260,C036,CR0243,2024-07-05,instagram,carousel,222,750,1125,1125,200,False
P01261,C036,CR0258,2024-06-26,instagram,carousel,160,337,352,352,100,False
P01262,C036,CR0271,2024-06-25,instagram,carousel,142,913,1559,1559,200,False
P01263,C036,CR0271,2024-06-28,instagram,carousel,115,547,1367,1367,200,False
P01264,C036,CR0272,2024-06-25,instagram,reel,1331,9533,13094,13094,2000,False
P01265,C036,CR0282,2024-06-28,instagram,carousel,93,380,439,439,100,False
P01266,C036,CR0282,2024-07-13,instagram,reel,86,644,744,744,100,False
P01267,C036,CR0288,2024-06-16,instagram,carousel,217,683,698,698,100,False
P01268,C036,CR0312,2024-07-13,instagram,carousel,57,228,253,253,100,False
P01269,C036,CR0339,2024-06-25,instagram,carousel,2308,11842,13211,13211,2000,False
P01270,C036,CR0339,2024-06-27,instagram,reel,1825,11520,34810,34810,2000,False
P01271,C036,CR0342,2024-07-09,instagram,carousel,9934,24992,27218,27218,2000,False
P01272,C036,CR0342,2024-07-19,instagram,reel,7250,12408,12408,12408,2000,False
P01273,C036,CR0347,2024-06-17,instagram,carousel,118,681,1538,1538,200,False
P01274,C036,CR0347,2024-06-19,instagram,reel,103,207,207,207,100,False
P01275,C036,CR0358,2024-07-14,instagram,carousel,87,620,620,620,100,False
P01276,C036,CR0388,2024-06-27,instagram,carousel,208,698,715,715,100,False
P01277,C036,CR0388,2024-06-29,instagram,carousel,309,971,1065,1065,200,False
P01278,C036,CR0389,2024-06-30,instagram,carousel,51,209,343,343,100,False
P01279,C036,CR0395,2024-07-11,instagram,carousel,112,349,386,386,100,False
P01280,C036,CR0411,2024-06-25,instagram,carousel,113,1817,2535,2535,200,False
P01281,C036,CR0421,2024-07-10,instagram,carousel,3843,18360,24791,24791,2000,False
P01282,C036,CR0421,2024-07-17,instagram,carousel,2955,7617,7617,7617,1000,False
P01283,C036,CR0425,2024-07-20,instagram,reel,4349,4349,4349,4349,200,False
P01284,C036,CR0447,2024-07-06,instagram,carousel,28340,110568,157448,157448,9900,False
P01285,C036,CR0451,2024-07-07,instagram,carousel,1552,4883,5685,5685,1000,False
P01286,C036,CR0451,2024-07-15,instagram,reel,780,4465,4465,4465,200,False
P01287,C036,CR0492,2024-07-15,instagram,carousel,53,436,436,436,100,False
P01288,C037,CR0113,2024-07-11,youtube,long_form,4245,8341,8341,8341,700,False
P01289,C037,CR0148,2024-07-05,youtube,long_form,1404,4421,4670,4670,400,False
P01290,C037,CR0156,2024-06-29,youtube,long_form,29,165,209,209,0,False
P01291,C037,CR0167,2024-06-25,youtube,long_form,44,1202,1759,1759,200,True
P01292,C037,CR0172,2024-07-07,youtube,long_form,249,596,596,596,100,False
P01293,C037,CR0172,2024-07-09,youtube,long_form,258,471,471,471,100,False
P01294,C037,CR0236,2024-07-06,youtube,long_form,36,246,246,246,0,False
P01295,C037,CR0276,2024-07-02,youtube,short,30,101,131,131,0,False
P01296,C037,CR0376,2024-07-07,youtube,long_form,1410,7285,7285,7285,700,False
P01297,C037,CR0376,2024-07-10,youtube,long_form,1314,3220,3220,3220,400,False
P01298,C037,CR0399,2024-07-03,youtube,long_form,66,892,1042,1042,200,False
P01299,C037,CR0399,2024-07-11,youtube,short,22,74,74,74,0,False
P01300,C037,CR0441,2024-07-12,youtube,long_form,57,57,57,57,0,False
P01301,C037,CR0472,2024-06-26,youtube,short,2466,17699,25001,25001,2800,False
P01302,C037,CR0481,2024-07-05,youtube,long_form,4027,21893,26593,26593,2800,False
P01303,C038,CR0002,2024-07-13,instagram,reel,65,65,65,65,0,False
P01304,C038,CR0035,2024-07-01,instagram,carousel,357,2200,3330,3330,200,False
P01305,C038,CR0035,2024-07-11,instagram,carousel,263,762,762,762,200,False
P01306,C038,CR0035,2024-07-13,instagram,reel,226,226,226,226,100,False
P01307,C038,CR0050,2024-06-25,instagram,carousel,505,4069,6735,6735,200,False
P01308,C038,CR0050,2024-06-29,instagram,carousel,572,2531,4564,4564,200,False
P01309,C038,CR0054,2024-06-27,instagram,carousel,400,1385,1546,1546,200,False
P01310,C038,CR0054,2024-07-07,instagram,reel,692,2440,2440,2440,200,False
P01311,C038,CR0067,2024-07-13,instagram,carousel,3378,3378,3378,3378,200,False
P01312,C038,CR0074,2024-07-07,instagram,carousel,3821,8722,8722,8722,200,False
P01313,C038,CR0078,2024-06-28,instagram,carousel,17320,53861,62453,62453,200,False
P01314,C038,CR0078,2024-07-10,instagram,reel,17271,44518,44518,44518,200,False
P01315,C038,CR0102,2024-07-06,instagram,reel,197243,378139,383673,383673,200,True
P01316,C038,CR0108,2024-07-13,instagram,carousel,104,104,104,104,100,False
P01317,C038,CR0114,2024-07-10,instagram,reel,1146,2954,2954,2954,200,False
P01318,C038,CR0118,2024-06-28,instagram,reel,81,725,1495,1495,200,False
P01319,C038,CR0162,2024-06-26,instagram,reel,1518,3462,3462,3462,200,False
P01320,C038,CR0182,2024-07-11,instagram,carousel,135,722,722,722,200,False
P01321,C038,CR0207,2024-06-28,instagram,carousel,5668,40284,52191,52191,200,False
P01322,C038,CR0211,2024-06-30,instagram,carousel,76,2014,2254,2254,200,True
P01323,C038,CR0217,2024-06-29,instagram,reel,66,102,102,102,100,False
P01324,C038,CR0217,2024-06-30,instagram,reel,100,340,340,340,100,False
P01325,C038,CR0217,2024-07-03,instagram,reel,64,594,892,892,200,False
P01326,C038,CR0217,2024-07-11,instagram,reel,50,111,111,111,100,False
P01327,C038,CR0220,2024-06-26,instagram,carousel,1503,5038,5686,5686,200,False
P01328,C038,CR0235,2024-06-26,instagram,reel,2662,20480,22783,22783,200,True
P01329,C038,CR0238,2024-07-02,instagram,carousel,47,262,369,369,100,False
P01330,C038,CR0245,2024-06-25,instagram,carousel,106,553,761,761,200,False
P01331,C038,CR0252,2024-07-11,instagram,carousel,76,467,467,467,100,False
P01332,C038,CR0255,2024-06-26,instagram,carousel,41,254,481,481,100,False
P01333,C038,CR0258,2024-07-06,instagram,carousel,73,186,195,195,100,False
P01334,C038,CR0258,2024-07-07,instagram,carousel,73,342,342,342,100,False
P01335,C038,CR0258,2024-07-13,instagram,reel,56,56,56,56,0,False
P01336,C038,CR0272,2024-07-01,instagram,carousel,1294,26306,34548,34548,200,False
P01337,C038,CR0318,2024-07-06,instagram,carousel,250,628,639,639,200,False
P01338,C038,CR0321,2024-06-27,instagram,reel,75,186,186,186,100,False
P01339,C038,CR0335,2024-06-25,instagram,reel,71,338,863,863,200,False
P01340,C038,CR0335,2024-06-27,instagram,reel,96,308,326,326,100,False
P01341,C038,CR0335,2024-07-01,instagram,carousel,88,381,443,443,100,False
P01342,C038,CR0405,2024-06-29,instagram,carousel,774,11066,20447,20447,200,False
P01343,C038,CR0405,2024-07-10,instagram,reel,1265,4125,4125,4125,200,False
P01344,C038,CR0425,2024-07-09,instagram,carousel,1468,17954,17954,17954,200,False
P01345,C038,CR0433,2024-06-25,instagram,carousel,146,1367,1714,1714,200,False
P01346,C038,CR0433,2024-07-06,instagram,reel,128,406,406,406,100,False
P01347,C038,CR0447,2024-06-26,instagram,carousel,20332,501618,674895,674895,200,False
P01348,C038,CR0447,2024-07-01,instagram,reel,35671,112212,127073,127073,200,False
P01349,C038,CR0474,2024-06-25,instagram,carousel,569,2486,2847,2847,200,False
P01350,C038,CR0474,2024-07-05,instagram,carousel,833,7032,8315,8315,200,False
P01351,C038,CR0474,2024-07-13,instagram,carousel,934,934,934,934,200,False
P01352,C038,CR0491,2024-07-11,instagram,carousel,1145,6124,6124,6124,200,False
P01353,C038,CR0492,2024-07-02,instagram,carousel,58,401,401,401,100,False
P01354,C039,CR0080,2024-07-06,youtube,long_form,5,37,40,40,0,False
P01355,C039,CR0083,2024-07-02,youtube,short,6,12,12,12,0,False
P01356,C039,CR0083,2024-07-03,youtube,short,7,33,37,37,0,False
P01357,C039,CR0083,2024-07-09,youtube,short,8,19,19,19,0,False
P01358,C039,CR0088,2024-07-06,youtube,long_form,336,803,827,827,0,False
P01359,C039,CR0113,2024-07-10,youtube,short,812,3723,3723,3723,0,False
P01360,C039,CR0113,2024-07-12,youtube,long_form,960,2539,2539,2539,0,False
P01361,C039,CR0117,2024-07-08,youtube,long_form,20,144,144,144,0,False
P01362,C039,CR0117,2024-07-09,youtube,short,25,73,73,73,0,False
P01363,C039,CR0117,2024-07-11,youtube,short,16,84,84,84,0,False
P01364,C039,CR0137,2024-07-07,youtube,long_form,18,54,54,54,0,False
P01365,C039,CR0138,2024-07-05,youtube,short,2304,15943,16954,16954,0,True
P01366,C039,CR0138,2024-07-09,youtube,long_form,10504,19149,19149,19149,0,False
P01367,C039,CR0200,2024-07-03,youtube,long_form,15,55,63,63,0,False
P01368,C039,CR0366,2024-07-11,youtube,short,74,167,167,167,0,False
P01369,C039,CR0366,2024-07-12,youtube,long_form,62,648,648,648,0,False
P01370,C039,CR0399,2024-07-06,youtube,long_form,18,96,98,98,0,False
P01371,C039,CR0417,2024-07-05,youtube,long_form,5,616,758,758,0,True
P01372,C039,CR0428,2024-07-13,youtube,long_form,12,12,12,12,0,False
P01373,C039,CR0478,2024-07-07,youtube,short,60,189,189,189,0,False
P01374,C039,CR0478,2024-07-12,youtube,short,51,114,114,114,0,False
P01375,C040,CR0005,2024-07-25,instagram,reel,23,169,204,204,0,False
P01376,C040,CR0005,2024-07-30,instagram,carousel,19,55,55,55,0,False
P01377,C040,CR0005,2024-08-02,instagram,carousel,39,67,67,67,0,False
P01378,C040,CR0075,2024-07-17,instagram,carousel,49,230,258,258,0,False
P01379,C040,CR0075,2024-07-24,instagram,carousel,76,333,501,501,0,False
P01380,C040,CR0075,2024-07-25,instagram,reel,49,186,203,203,0,False
P01381,C040,CR0077,2024-07-10,instagram,carousel,24,106,132,132,0,False
P01382,C040,CR0077,2024-07-15,instagram,carousel,24,76,94,94,0,False
P01383,C040,CR0077,2024-07-22,instagram,carousel,34,198,438,438,0,False
P01384,C040,CR0077,2024-07-28,instagram,carousel,31,615,615,615,0,False
P01385,C040,CR0086,2024-08-01,instagram,carousel,204,591,591,591,0,False
P01386,C040,CR0086,2024-08-02,instagram,carousel,287,638,638,638,0,False
P01387,C040,CR0096,2024-07-27,instagram,reel,306,777,793,793,0,False
P01388,C040,CR0096,2024-07-29,instagram,reel,139,2065,2065,2065,100,False
P01389,C040,CR0102,2024-07-23,instagram,carousel,10819,35874,49288,49288,2600,False
P01390,C040,CR0102,2024-08-02,instagram,carousel,6054,17520,17520,17520,1300,False
P01391,C040,CR0114,2024-07-09,instagram,carousel,618,5374,6736,6736,300,False
P01392,C040,CR0114,2024-07-10,instagram,reel,449,1399,1487,1487,100,False
P01393,C040,CR0114,2024-07-27,instagram,reel,354,1999,2657,2657,300,False
P01394,C040,CR0114,2024-08-01,instagram,carousel,571,2414,2414,2414,100,False
P01395,C040,CR0129,2024-07-09,instagram,carousel,30,112,176,176,0,False
P01396,C040,CR0131,2024-07-06,instagram,reel,37,260,464,464,0,False
P01397,C040,CR0139,2024-07-15,instagram,reel,32,118,218,218,0,False
P01398,C040,CR0141,2024-07-30,instagram,carousel,137,504,504,504,0,False
P01399,C040,CR0141,2024-08-03,instagram,reel,177,177,177,177,0,False
P01400,C040,CR0161,2024-07-18,instagram,carousel,272,629,629,629,0,False
P01401,C040,CR0161,2024-08-01,instagram,carousel,246,712,712,712,0,False
P01402,C040,CR0178,2024-08-01,instagram,carousel,1413,3133,3133,3133,300,False
P01403,C040,CR0183,2024-07-27,instagram,carousel,3913,166230,177939,177939,12800,True
P01404,C040,CR0192,2024-07-24,instagram,carousel,1609,49129,53223,53223,2600,False
P01405,C040,CR0218,2024-07-04,instagram,carousel,37,197,306,306,0,False
P01406,C040,CR0218,2024-07-08,instagram,reel,33,127,131,131,0,False
P01407,C040,CR0218,2024-07-09,instagram,carousel,54,100,100,100,0,False
P01408,C040,CR0239,2024-07-09,instagram,reel,108,754,864,864,0,False
P01409,C040,CR0239,2024-08-01,instagram,carousel,106,376,376,376,0,False
P01410,C040,CR0259,2024-07-06,instagram,carousel,23,165,734,734,0,False
P01411,C040,CR0259,2024-07-07,instagram,carousel,27,100,153,153,0,False
P01412,C040,CR0279,2024-07-05,instagram,reel,42,252,271,271,0,False
P01413,C040,CR0308,2024-08-03,instagram,carousel,139,139,139,139,0,False
P01414,C040,CR0324,2024-07-16,instagram,reel,2644,40183,50335,50335,2600,False
P01415,C040,CR0344,2024-07-16,instagram,reel,6260,84504,87106,87106,2600,True
P01416,C040,CR0367,2024-07-19,instagram,reel,18,58,64,64,0,False
P01417,C040,CR0371,2024-07-05,instagram,reel,4518,47360,59101,59101,2600,False
P01418,C040,CR0371,2024-07-14,instagram,reel,971856,1629290,1812418,1812418,32000,True
P01419,C040,CR0377,2024-07-19,instagram,carousel,547,1721,1902,1902,100,False
P01420,C040,CR0377,2024-07-25,instagram,carousel,740,1621,1721,1721,100,False
P01421,C040,CR0388,2024-07-26,instagram,reel,133,427,433,433,0,False
P01422,C040,CR0388,2024-08-02,instagram,reel,113,222,222,222,0,False
P01423,C040,CR0404,2024-07-04,instagram,reel,23,115,134,134,0,False
P01424,C040,CR0404,2024-07-09,instagram,reel,12,243,694,694,0,False
P01425,C040,CR0404,2024-07-18,instagram,carousel,16,36,39,39,0,False
P01426,C040,CR0404,2024-07-26,instagram,carousel,21,177,206,206,0,False
P01427,C040,CR0439,2024-08-01,instagram,carousel,26,75,75,75,0,False
P01428,C040,CR0493,2024-07-22,instagram,reel,902,10042,23412,23412,2600,False
P01429,C040,CR0498,2024-07-20,instagram,carousel,158,680,916,916,0,False
P01430,C040,CR0498,2024-07-31,instagram,reel,116,299,299,299,0,False
P01431,C040,CR0498,2024-08-02,instagram,carousel,97,166,166,166,0,False
P01432,C041,CR0015,2024-08-12,instagram,reel,52,115,115,115,0,False
P01433,C041,CR0021,2024-07-30,instagram,carousel,259,896,984,984,0,False
P01434,C041,CR0131,2024-08-12,instagram,carousel,48,95,95,95,0,False
P01435,C041,CR0170,2024-07-20,instagram,carousel,20,95,136,136,0,False
P01436,C041,CR0170,2024-08-06,instagram,carousel,28,98,104,104,0,False
P01437,C041,CR0178,2024-07-22,instagram,reel,2749,6602,8340,8340,1200,False
P01438,C041,CR0187,2024-07-27,instagram,reel,63,374,633,633,0,False
P01439,C041,CR0216,2024-07-10,instagram,reel,75,1150,1804,1804,0,False
P01440,C041,CR0216,2024-07-19,instagram,carousel,88,204,230,230,0,False
P01441,C041,CR0216,2024-07-28,instagram,reel,139,438,486,486,0,False
P01442,C041,CR0216,2024-07-31,instagram,carousel,88,186,186,186,0,False
P01443,C041,CR0218,2024-08-11,instagram,carousel,49,109,109,109,0,False
P01444,C041,CR0252,2024-08-06,instagram,carousel,53,448,460,460,0,False
P01445,C041,CR0253,2024-07-13,instagram,reel,7872,25128,48855,48855,5800,False
P01446,C041,CR0274,2024-07-17,instagram,carousel,4438,8231,8720,8720,1200,True
P01447,C041,CR0348,2024-07-12,instagram,carousel,71,571,863,866,0,False
P01448,C041,CR0364,2024-07-15,instagram,carousel,31,65,65,65,0,False
P01449,C041,CR0389,2024-07-20,instagram,carousel,46,178,368,368,0,False
P01450,C041,CR0389,2024-07-21,instagram,carousel,55,217,1092,1092,0,False
P01451,C041,CR0389,2024-07-29,instagram,carousel,26,80,92,92,0,False
P01452,C041,CR0389,2024-07-30,instagram,carousel,24,94,175,175,0,False
P01453,C041,CR0389,2024-08-09,instagram,reel,45,230,230,230,0,False
P01454,C041,CR0424,2024-08-07,instagram,carousel,327,3207,3207,3207,600,True
P01455,C041,CR0425,2024-08-12,instagram,carousel,1583,3517,3517,3517,600,False
P01456,C041,CR0433,2024-08-02,instagram,carousel,38,431,859,859,0,False
P01457,C041,CR0443,2024-07-24,instagram,carousel,2161,6799,7491,7491,1200,False
P01458,C041,CR0443,2024-07-31,instagram,reel,1365,6227,8328,8328,1200,False
P01459,C041,CR0443,2024-08-10,instagram,carousel,2823,6619,6619,6619,1200,False
P01460,C041,CR0443,2024-08-11,instagram,carousel,1199,2659,2659,2659,600,False
P01461,C041,CR0465,2024-07-22,instagram,carousel,216,374,444,444,0,True
P01462,C041,CR0465,2024-07-23,instagram,carousel,1190,2585,3018,3018,600,True
P01463,C041,CR0465,2024-07-24,instagram,carousel,351,762,1160,1160,0,False
P01464,C041,CR0475,2024-08-08,instagram,reel,297,2176,2176,2176,0,False
P01465,C041,CR0475,2024-08-11,instagram,carousel,216,766,766,766,0,False
P01466,C041,CR0489,2024-07-19,instagram,carousel,2475,11849,23986,23986,2300,False
P01467,C041,CR0489,2024-08-01,instagram,carousel,2039,31082,38224,38224,5800,False
P01468,C041,CR0489,2024-08-06,instagram,carousel,1556,5516,5516,5516,1200,False
P01469,C042,CR0011,2024-07-20,instagram,carousel,50,144,156,161,0,False
P01470,C042,CR0011,2024-08-03,instagram,reel,43,581,6311,6311,0,False
P01471,C042,CR0011,2024-08-04,instagram,reel,68,229,268,268,0,False
P01472,C042,CR0011,2024-08-06,instagram,reel,45,399,679,679,0,False
P01473,C042,CR0011,2024-08-13,instagram,carousel,43,161,219,219,0,False
P01474,C042,CR0011,2024-08-14,instagram,carousel,34,737,1198,1198,0,False
P01475,C042,CR0011,2024-08-22,instagram,reel,57,98,98,98,0,False
P01476,C042,CR0015,2024-08-08,instagram,reel,71,860,1004,1004,0,False
P01477,C042,CR0015,2024-08-12,instagram,carousel,34,145,184,184,0,False
P01478,C042,CR0015,2024-08-23,instagram,carousel,36,36,36,36,0,False
P01479,C042,CR0059,2024-07-20,instagram,carousel,201,402,418,418,0,False
P01480,C042,CR0059,2024-08-04,instagram,reel,1169,2152,2321,2321,0,True
P01481,C042,CR0059,2024-08-05,instagram,carousel,72,3137,5766,5766,0,True
P01482,C042,CR0075,2024-07-28,instagram,reel,72,581,634,634,0,True
P01483,C042,CR0077,2024-08-10,instagram,carousel,32,114,124,124,0,False
P01484,C042,CR0077,2024-08-14,instagram,reel,25,147,166,166,0,False
P01485,C042,CR0092,2024-07-22,instagram,carousel,3429,21626,29200,29274,3400,False
P01486,C042,CR0092,2024-08-02,instagram,carousel,4517,14210,16051,16051,3400,False
P01487,C042,CR0092,2024-08-10,instagram,reel,4627,13655,13655,13655,3400,False
P01488,C042,CR0092,2024-08-15,instagram,carousel,3849,13633,14204,14204,3400,False
P01489,C042,CR0098,2024-08-23,instagram,carousel,35,35,35,35,0,False
P01490,C042,CR0105,2024-08-22,instagram,carousel,30,59,59,59,0,False
P01491,C042,CR0134,2024-08-18,instagram,carousel,77,259,259,259,0,False
P01492,C042,CR0139,2024-07-21,instagram,reel,34,124,157,157,0,False
P01493,C042,CR0139,2024-07-30,instagram,reel,26,208,324,324,0,False
P01494,C042,CR0139,2024-08-18,instagram,carousel,26,199,199,199,0,False
P01495,C042,CR0139,2024-08-19,instagram,carousel,22,62,62,62,0,False
P01496,C042,CR0149,2024-07-27,instagram,carousel,105,1123,1273,1273,0,False
P01497,C042,CR0177,2024-07-31,instagram,carousel,73,426,961,961,0,False
P01498,C042,CR0177,2024-08-12,instagram,carousel,67,918,1867,1867,0,False
P01499,C042,CR0187,2024-07-22,instagram,reel,35,275,517,517,0,False
P01500,C042,CR0187,2024-07-23,instagram,carousel,47,171,2023,2023,0,False
P01501,C042,CR0187,2024-07-29,instagram,carousel,50,157,177,177,0,False
P01502,C042,CR0187,2024-08-03,instagram,reel,43,200,215,215,0,False
P01503,C042,CR0187,2024-08-06,instagram,carousel,53,163,163,163,0,False
P01504,C042,CR0187,2024-08-15,instagram,reel,44,209,216,216,0,False
P01505,C042,CR0214,2024-07-29,instagram,carousel,42,174,206,206,0,False
P01506,C042,CR0214,2024-08-01,instagram,carousel,27,78,78,78,0,False
P01507,C042,CR0214,2024-08-07,instagram,carousel,63,190,291,291,0,False
P01508,C042,CR0214,2024-08-08,instagram,carousel,42,143,161,161,0,False
P01509,C042,CR0214,2024-08-12,instagram,carousel,38,174,205,205,0,False
P01510,C042,CR0214,2024-08-22,instagram,carousel,50,98,98,98,0,False
P01511,C042,CR0242,2024-07-29,instagram,reel,44,610,692,692,0,True
P01512,C042,CR0242,2024-08-01,instagram,carousel,38,1109,1289,1289,0,True
P01513,C042,CR0247,2024-07-13,instagram,carousel,6180,30338,62435,62474,17200,False
P01514,C042,CR0247,2024-07-21,instagram,reel,14900,45468,233488,233488,17200,False
P01515,C042,CR0258,2024-07-12,instagram,carousel,33,189,397,397,0,False
P01516,C042,CR0258,2024-07-13,instagram,carousel,21,93,106,106,0,False
P01517,C042,CR0258,2024-07-14,instagram,carousel,28,412,486,494,0,False
P01518,C042,CR0259,2024-08-22,instagram,carousel,43,118,118,118,0,False
P01519,C042,CR0283,2024-08-21,instagram,carousel,53,163,163,163,0,False
P01520,C042,CR0283,2024-08-22,instagram,reel,41,70,70,70,0,False
P01521,C042,CR0288,2024-08-12,instagram,carousel,87,427,516,516,0,False
P01522,C042,CR0308,2024-08-23,instagram,carousel,205,205,205,205,0,False
P01523,C042,CR0313,2024-08-04,instagram,carousel,50,1201,2574,2574,0,False
P01524,C042,CR0321,2024-08-02,instagram,carousel,52,1065,1282,1282,0,True
P01525,C042,CR0321,2024-08-04,instagram,carousel,37,410,437,437,0,False
P01526,C042,CR0321,2024-08-21,instagram,carousel,66,146,146,146,0,False
P01527,C042,CR0324,2024-07-25,instagram,carousel,6631,20945,23429,23429,3400,False
P01528,C042,CR0326,2024-07-22,instagram,carousel,11102,76337,114443,114721,17200,False
P01529,C042,CR0326,2024-07-29,instagram,reel,15321,113374,156318,156318,17200,False
P01530,C042,CR0326,2024-08-05,instagram,carousel,12015,37796,41342,41342,3400,False
P01531,C042,CR0326,2024-08-09,instagram,carousel,12227,165504,339328,339328,17200,False
P01532,C042,CR0330,2024-08-11,instagram,carousel,113,226,256,256,0,False
P01533,C042,CR0330,2024-08-15,instagram,carousel,37,1703,1902,1902,0,True
P01534,C042,CR0330,2024-08-17,instagram,carousel,54,459,459,459,0,False
P01535,C042,CR0342,2024-08-19,instagram,carousel,1736,18180,18180,18180,3400,False
P01536,C042,CR0348,2024-08-23,instagram,carousel,64,64,64,64,0,False
P01537,C042,CR0375,2024-08-16,instagram,carousel,20,77,83,83,0,False
P01538,C042,CR0375,2024-08-21,instagram,reel,17,64,64,64,0,False
P01539,C042,CR0383,2024-07-14,instagram,carousel,51,235,235,235,0,False
P01540,C042,CR0383,2024-08-06,instagram,carousel,39,220,308,308,0,False
P01541,C042,CR0383,2024-08-20,instagram,carousel,33,77,77,77,0,False
P01542,C042,CR0388,2024-07-17,instagram,carousel,81,518,518,518,0,False
P01543,C042,CR0388,2024-07-21,instagram,reel,125,531,686,691,0,False
P01544,C042,CR0388,2024-07-25,instagram,reel,102,492,791,791,0,False
P01545,C042,CR0388,2024-07-27,instagram,carousel,108,353,427,427,0,False
P01546,C042,CR0388,2024-07-28,instagram,reel,118,1886,2696,2696,0,False
P01547,C042,CR0388,2024-08-07,instagram,carousel,84,635,826,826,0,False
P01548,C042,CR0440,2024-08-23,instagram,carousel,51,51,51,51,0,False
P01549,C042,CR0443,2024-08-19,instagram,carousel,2241,7120,7120,7120,0,False
P01550,C042,CR0445,2024-07-22,instagram,carousel,653,4666,5651,5661,0,False
P01551,C042,CR0445,2024-08-08,instagram,carousel,814,3102,3631,3631,0,False
P01552,C042,CR0445,2024-08-09,instagram,reel,1202,6451,14154,14154,3400,False
P01553,C042,CR0468,2024-07-25,instagram,carousel,37,284,395,395,0,False
P01554,C042,CR0488,2024-08-03,instagram,carousel,31,214,727,727,0,False
P01555,C042,CR0488,2024-08-10,instagram,carousel,50,166,251,251,0,False
P01556,C042,CR0488,2024-08-12,instagram,carousel,18,135,188,188,0,False
P01557,C042,CR0488,2024-08-18,instagram,carousel,36,155,155,155,0,False
P01558,C042,CR0492,2024-08-15,instagram,carousel,19,74,100,100,0,False
P01559,C042,CR0498,2024-07-20,instagram,carousel,115,467,467,467,0,False
P01560,C042,CR0499,2024-07-11,instagram,reel,594,5406,9272,9342,0,False
P01561,C042,CR0499,2024-08-04,instagram,reel,631,2002,2306,2306,0,False
P01562,C042,CR0499,2024-08-13,instagram,carousel,508,1584,1719,1719,0,False
P01563,C043,CR0003,2024-08-31,instagram,reel,577,2050,2050,2050,0,False
P01564,C043,CR0021,2024-07-30,instagram,carousel,463,1457,2729,3034,0,False
P01565,C043,CR0021,2024-08-06,instagram,carousel,360,1943,4216,4216,0,False
P01566,C043,CR0038,2024-08-26,instagram,carousel,8015,55070,61121,61121,14400,False
P01567,C043,CR0047,2024-08-24,instagram,carousel,145,404,404,404,0,False
P01568,C043,CR0069,2024-08-17,instagram,carousel,1142,5111,16455,16455,0,False
P01569,C043,CR0077,2024-09-02,instagram,reel,71,71,71,71,0,False
P01570,C043,CR0090,2024-08-27,instagram,reel,43,354,354,354,0,False
P01571,C043,CR0092,2024-08-09,instagram,carousel,9523,30885,33457,33457,0,False
P01572,C043,CR0092,2024-08-13,instagram,carousel,9202,35143,44720,44720,0,False
P01573,C043,CR0092,2024-08-20,instagram,carousel,11554,92449,123029,123029,28800,False
P01574,C043,CR0124,2024-08-24,instagram,carousel,14981,43700,46742,46742,0,False
P01575,C043,CR0127,2024-08-03,instagram,reel,25948,81624,89308,89309,14400,False
P01576,C043,CR0127,2024-08-07,instagram,carousel,29855,204800,230679,230679,57600,False
P01577,C043,CR0142,2024-08-16,instagram,carousel,8030,16841,27766,27766,0,True
P01578,C043,CR0146,2024-08-06,instagram,carousel,58817,133792,133792,133792,28800,False
P01579,C043,CR0147,2024-08-10,instagram,reel,46,515,931,931,0,False
P01580,C043,CR0147,2024-08-13,instagram,reel,62,1139,1578,1578,0,False
P01581,C043,CR0147,2024-08-17,instagram,reel,68,212,652,652,0,False
P01582,C043,CR0161,2024-08-04,instagram,carousel,622,1800,1800,1800,0,False
P01583,C043,CR0161,2024-08-13,instagram,carousel,720,8954,29641,29641,0,False
P01584,C043,CR0161,2024-08-22,instagram,carousel,411,1618,2313,2313,0,False
P01585,C043,CR0170,2024-08-23,instagram,carousel,46,658,737,737,0,True
P01586,C043,CR0187,2024-08-25,instagram,carousel,69,513,604,604,0,False
P01587,C043,CR0187,2024-08-30,instagram,reel,94,190,190,190,0,False
P01588,C043,CR0224,2024-08-07,instagram,reel,94,336,363,363,0,False
P01589,C043,CR0224,2024-08-13,instagram,carousel,114,385,624,624,0,False
P01590,C043,CR0224,2024-08-18,instagram,reel,91,945,1961,1961,0,False
P01591,C043,CR0224,2024-08-20,instagram,carousel,122,808,956,956,0,False
P01592,C043,CR0224,2024-09-02,instagram,carousel,170,170,170,170,0,False
P01593,C043,CR0246,2024-08-01,instagram,reel,1556,7102,19720,23714,0,True
P01594,C043,CR0246,2024-08-03,instagram,reel,2364,12195,122444,122444,28800,False
P01595,C043,CR0246,2024-08-13,instagram,carousel,1312,4326,7944,7944,0,False
P01596,C043,CR0246,2024-08-28,instagram,carousel,1951,12047,12047,12047,0,False
P01597,C043,CR0256,2024-08-10,instagram,reel,140,1945,11478,11478,0,False
P01598,C043,CR0263,2024-08-23,instagram,reel,24983,772473,977916,977916,144100,False
P01599,C043,CR0266,2024-08-29,instagram,carousel,122,1137,1137,1137,0,False
P01600,C043,CR0282,2024-09-01,instagram,reel,75,166,166,166,0,False
P01601,C043,CR0297,2024-08-17,instagram,carousel,1410,19682,52094,52094,14400,False
P01602,C043,CR0297,2024-08-20,instagram,carousel,1311,5034,6727,6727,0,False
P01603,C043,CR0297,2024-08-23,instagram,carousel,935,5571,6075,6075,0,False
P01604,C043,CR0322,2024-08-15,instagram,carousel,313,6591,10109,10109,0,False
P01605,C043,CR0344,2024-07-31,instagram,carousel,12571,89816,143402,143614,28800,False
P01606,C043,CR0344,2024-08-06,instagram,carousel,17722,224349,233130,233130,57600,False
P01607,C043,CR0350,2024-08-30,instagram,reel,105,271,271,271,0,False
P01608,C043,CR0350,2024-09-02,instagram,carousel,74,74,74,74,0,False
P01609,C043,CR0353,2024-08-17,instagram,reel,2461,13227,20800,20800,0,False
P01610,C043,CR0368,2024-08-23,instagram,reel,181,1023,1670,1670,0,False
P01611,C043,CR0379,2024-08-04,instagram,carousel,4321,19629,21865,21865,0,False
P01612,C043,CR0379,2024-08-11,instagram,carousel,1834,5973,7436,7436,0,False
P01613,C043,CR0383,2024-08-23,instagram,carousel,115,402,456,456,0,False
P01614,C043,CR0383,2024-08-31,instagram,carousel,98,456,456,456,0,False
P01615,C043,CR0389,2024-08-29,instagram,carousel,66,290,290,290,0,False
P01616,C043,CR0389,2024-08-30,instagram,reel,75,229,229,229,0,False
P01617,C043,CR0440,2024-08-30,instagram,reel,92,237,237,237,0,False
P01618,C043,CR0461,2024-08-08,instagram,carousel,72,388,407,407,0,False
P01619,C043,CR0461,2024-08-10,instagram,carousel,90,617,1626,1626,0,False
P01620,C043,CR0464,2024-08-19,instagram,reel,658,6386,10820,10820,0,False
P01621,C043,CR0464,2024-08-27,instagram,reel,823,6938,6938,6938,0,False
P01622,C043,CR0468,2024-08-10,instagram,carousel,41,489,670,670,0,False
P01623,C043,CR0468,2024-08-23,instagram,carousel,56,390,471,471,0,False
P01624,C043,CR0471,2024-08-02,instagram,carousel,1009,19858,24312,24334,0,True
P01625,C043,CR0471,2024-08-03,instagram,carousel,1417,5173,12239,12364,0,False
P01626,C043,CR0471,2024-08-06,instagram,reel,112247,197864,206062,206062,57600,True
P01627,C043,CR0493,2024-08-02,instagram,reel,12941,25141,26468,26473,0,False
P01628,C043,CR0493,2024-08-09,instagram,carousel,11519,28299,29947,29947,0,False
P01629,C043,CR0493,2024-08-13,instagram,reel,15461,31367,32525,32525,0,False
P01630,C043,CR0493,2024-08-15,instagram,reel,3393,10674,12310,12310,0,False
P01631,C043,CR0493,2024-08-27,instagram,carousel,3090,22511,22511,22511,0,False
P01632,C044,CR0007,2024-08-07,instagram,reel,39,88,118,118,0,False
P01633,C044,CR0007,2024-08-15,instagram,carousel,30,254,467,467,0,False
P01634,C044,CR0007,2024-08-21,instagram,carousel,24,82,82,82,0,False
P01635,C044,CR0022,2024-08-24,instagram,reel,64,277,277,277,0,False
P01636,C044,CR0022,2024-08-25,instagram,carousel,333,530,530,530,0,False
P01637,C044,CR0026,2024-08-23,instagram,carousel,4365,17169,17169,17169,600,False
P01638,C044,CR0059,2024-08-13,instagram,carousel,117,890,1251,1251,100,False
P01639,C044,CR0078,2024-08-04,instagram,reel,14742,57649,60506,60506,2600,False
P01640,C044,CR0078,2024-08-06,instagram,carousel,14972,96459,209571,209571,12900,False
P01641,C044,CR0090,2024-08-12,instagram,carousel,43,150,193,193,0,False
P01642,C044,CR0090,2024-08-18,instagram,reel,37,155,175,175,0,False
P01643,C044,CR0105,2024-08-03,instagram,carousel,43,137,173,173,0,False
P01644,C044,CR0142,2024-08-24,instagram,reel,252,604,604,604,0,False
P01645,C044,CR0158,2024-08-10,instagram,carousel,65,366,565,565,0,False
P01646,C044,CR0158,2024-08-21,instagram,reel,189,547,547,547,0,False
P01647,C044,CR0177,2024-08-18,instagram,carousel,153,625,792,792,0,False
P01648,C044,CR0177,2024-08-26,instagram,carousel,141,141,141,141,0,False
P01649,C044,CR0190,2024-08-13,instagram,carousel,1863,6392,7108,7108,600,False
P01650,C044,CR0190,2024-08-23,instagram,reel,2342,7168,7168,7168,600,False
P01651,C044,CR0256,2024-08-13,instagram,carousel,60,733,1708,1708,100,False
P01652,C044,CR0256,2024-08-15,instagram,reel,69,331,386,386,0,False
P01653,C044,CR0280,2024-08-24,instagram,carousel,4380,9713,9713,9713,600,False
P01654,C044,CR0284,2024-08-06,instagram,carousel,3953,12715,13535,13535,600,False
P01655,C044,CR0284,2024-08-16,instagram,carousel,3721,8976,12644,12644,600,False
P01656,C044,CR0284,2024-08-17,instagram,carousel,3682,11581,12560,12560,600,False
P01657,C044,CR0293,2024-08-04,instagram,carousel,58,153,153,153,0,False
P01658,C044,CR0304,2024-08-03,instagram,reel,184,435,445,445,0,False
P01659,C044,CR0304,2024-08-05,instagram,carousel,32,972,1411,1411,100,True
P01660,C044,CR0304,2024-08-22,instagram,reel,42,326,326,326,0,False
P01661,C044,CR0313,2024-08-15,instagram,carousel,55,122,132,132,0,False
P01662,C044,CR0313,2024-08-20,instagram,carousel,49,255,255,255,0,False
P01663,C044,CR0327,2024-08-21,instagram,reel,47,243,243,243,0,False
P01664,C044,CR0358,2024-08-05,instagram,carousel,58,163,175,175,0,False
P01665,C044,CR0358,2024-08-10,instagram,carousel,83,443,630,630,0,False
P01666,C044,CR0358,2024-08-16,instagram,reel,72,232,296,296,0,False
P01667,C044,CR0367,2024-08-19,instagram,reel,38,126,130,130,0,False
P01668,C044,CR0373,2024-08-08,instagram,carousel,50,198,484,484,0,False
P01669,C044,CR0378,2024-08-11,instagram,reel,70,260,324,324,0,False
P01670,C044,CR0389,2024-08-18,instagram,reel,35,597,1562,1562,100,False
P01671,C044,CR0410,2024-08-03,instagram,reel,79,876,2121,2121,100,False
P01672,C044,CR0410,2024-08-08,instagram,carousel,73,2111,7129,7129,600,False
P01673,C044,CR0413,2024-08-25,instagram,carousel,613,950,950,950,0,False
P01674,C044,CR0416,2024-08-17,instagram,carousel,64,527,594,594,0,False
P01675,C044,CR0422,2024-08-02,instagram,reel,3386,66714,77494,77494,2600,True
P01676,C044,CR0422,2024-08-04,instagram,reel,5634,39280,42018,42018,2600,False
P01677,C044,CR0422,2024-08-24,instagram,carousel,15023,26612,26612,26612,2600,False
P01678,C044,CR0447,2024-08-10,instagram,carousel,18336,55950,57384,57384,2600,False
P01679,C044,CR0447,2024-08-17,instagram,carousel,17831,78478,80951,80951,2600,False
P01680,C044,CR0447,2024-08-23,instagram,carousel,18990,61916,61916,61916,2600,False
P01681,C044,CR0463,2024-08-10,instagram,carousel,63,98,98,98,0,False
P01682,C045,CR0001,2024-08-23,instagram,reel,433,797,797,797,0,False
P01683,C045,CR0038,2024-08-16,instagram,carousel,6777,57068,64096,64096,6700,False
P01684,C045,CR0064,2024-08-21,instagram,reel,558,2776,2776,2776,500,False
P01685,C045,CR0072,2024-08-17,instagram,carousel,247,938,938,938,0,False
P01686,C045,CR0072,2024-08-22,instagram,reel,390,1481,1481,1481,0,False
P01687,C045,CR0078,2024-08-24,instagram,carousel,13838,23683,23683,23683,1300,False
P01688,C045,CR0099,2024-08-19,instagram,reel,857,5313,5313,5313,1300,False
P01689,C045,CR0102,2024-08-23,instagram,carousel,19831,41209,41209,41209,6700,False
P01690,C045,CR0103,2024-08-15,instagram,carousel,24752,155692,197174,197174,26800,False
P01691,C045,CR0135,2024-08-20,instagram,carousel,1725,4117,4117,4117,500,False
P01692,C045,CR0141,2024-08-24,instagram,reel,397,1050,1050,1050,0,False
P01693,C045,CR0145,2024-08-19,instagram,carousel,5416,38803,38803,38803,6700,False
P01694,C045,CR0152,2024-08-23,instagram,carousel,46,133,133,133,0,False
P01695,C045,CR0154,2024-08-15,instagram,carousel,74,269,297,297,0,False
P01696,C045,CR0162,2024-08-14,instagram,reel,255,6471,8982,8982,1300,True
P01697,C045,CR0162,2024-08-16,instagram,carousel,742,1496,1496,1496,0,False
P01698,C045,CR0166,2024-08-23,instagram,carousel,38,84,84,84,0,False
P01699,C045,CR0184,2024-08-19,instagram,carousel,1232,7541,7541,7541,1300,False
P01700,C045,CR0184,2024-08-21,instagram,carousel,4178,8191,8191,8191,1300,False
P01701,C045,CR0196,2024-08-18,instagram,carousel,463,1535,1612,1612,0,False
P01702,C045,CR0207,2024-08-15,instagram,carousel,5314,49751,76532,76532,6700,False
P01703,C045,CR0227,2024-08-21,instagram,carousel,917,2652,2652,2652,500,False
P01704,C045,CR0235,2024-08-15,instagram,carousel,4753,8791,8791,8791,1300,False
P01705,C045,CR0235,2024-08-18,instagram,reel,4116,19837,21150,21150,1300,False
P01706,C045,CR0238,2024-08-16,instagram,reel,74,430,508,508,0,False
P01707,C045,CR0245,2024-08-15,instagram,carousel,205,663,861,861,0,False
P01708,C045,CR0246,2024-08-20,instagram,carousel,1975,5957,5957,5957,1300,False
P01709,C045,CR0252,2024-08-18,instagram,reel,115,694,770,770,0,False
P01710,C045,CR0271,2024-08-22,instagram,carousel,109,331,331,331,0,False
P01711,C045,CR0283,2024-08-22,instagram,carousel,103,266,266,266,0,False
P01712,C045,CR0291,2024-08-25,instagram,reel,32205,32205,32205,32205,6700,False
P01713,C045,CR0309,2024-08-18,instagram,carousel,58,1619,1893,1893,0,False
P01714,C045,CR0321,2024-08-15,instagram,carousel,64,387,984,984,0,False
P01715,C045,CR0321,2024-08-18,instagram,carousel,110,951,983,983,0,False
P01716,C045,CR0321,2024-08-20,instagram,reel,82,229,229,229,0,False
P01717,C045,CR0321,2024-08-21,instagram,reel,80,544,544,544,0,False
P01718,C045,CR0326,2024-08-18,instagram,carousel,18909,77044,84026,84026,6700,False
P01719,C045,CR0347,2024-08-24,instagram,carousel,77,151,151,151,0,False
P01720,C045,CR0356,2024-08-25,instagram,reel,2650,2650,2650,2650,500,False
P01721,C045,CR0359,2024-08-25,instagram,reel,357,357,357,357,0,False
P01722,C045,CR0362,2024-08-18,instagram,reel,37,1129,1304,1304,0,False
P01723,C045,CR0368,2024-08-16,instagram,carousel,209,9037,11251,11251,1300,True
P01724,C045,CR0374,2024-08-16,instagram,carousel,78,507,667,667,0,False
P01725,C045,CR0374,2024-08-18,instagram,carousel,110,592,672,672,0,False
P01726,C045,CR0378,2024-08-17,instagram,reel,171,547,564,564,0,False
P01727,C045,CR0378,2024-08-24,instagram,carousel,131,224,224,224,0,False
P01728,C045,CR0381,2024-08-21,instagram,carousel,68,195,195,195,0,False
P01729,C045,CR0406,2024-08-23,instagram,carousel,238,2373,2373,2373,500,False
P01730,C045,CR0427,2024-08-17,instagram,carousel,9795,18363,18711,18711,1300,False
P01731,C045,CR0427,2024-08-25,instagram,carousel,7501,7501,7501,7501,1300,False
P01732,C045,CR0440,2024-08-21,instagram,carousel,108,228,228,228,0,False
P01733,C045,CR0449,2024-08-18,instagram,reel,63,150,153,153,0,False
P01734,C045,CR0476,2024-08-14,instagram,carousel,35,114,114,114,0,False
P01735,C045,CR0476,2024-08-15,instagram,carousel,26,101,110,110,0,False
P01736,C045,CR0482,2024-08-19,instagram,carousel,17808,109125,109125,109125,26800,True
P01737,C045,CR0482,2024-08-22,instagram,carousel,19050,229113,229113,229113,26800,False
P01738,C046,CR0038,2024-08-15,instagram,carousel,5566,25877,29408,29408,0,False
P01739,C046,CR0069,2024-08-18,instagram,carousel,594,2934,2934,2934,0,False
P01740,C046,CR0078,2024-08-18,instagram,carousel,10455,82176,82176,82176,14800,False
P01741,C046,CR0106,2024-08-21,instagram,carousel,82,127,127,127,0,False
P01742,C046,CR0139,2024-08-15,instagram,carousel,22,67,72,72,0,False
P01743,C046,CR0164,2024-08-22,instagram,carousel,1008,1008,1008,1008,0,False
P01744,C046,CR0190,2024-08-16,instagram,reel,19695,54710,54710,54710,14800,True
P01745,C046,CR0190,2024-08-19,instagram,reel,13156,31480,31480,31480,0,True
P01746,C046,CR0218,2024-08-20,instagram,reel,54,287,287,287,0,False
P01747,C046,CR0220,2024-08-22,instagram,carousel,1426,1426,1426,1426,0,False
P01748,C046,CR0221,2024-08-16,instagram,carousel,130,1037,1037,1037,0,False
P01749,C046,CR0221,2024-08-20,instagram,carousel,92,705,705,705,0,False
P01750,C046,CR0223,2024-08-16,instagram,carousel,323,857,857,857,0,False
P01751,C046,CR0223,2024-08-20,instagram,reel,357,1033,1033,1033,0,False
P01752,C046,CR0245,2024-08-20,instagram,carousel,87,365,365,365,0,False
P01753,C046,CR0249,2024-08-21,instagram,carousel,49,129,129,129,0,False
P01754,C046,CR0273,2024-08-18,instagram,carousel,37152,217909,217909,217909,59300,False
P01755,C046,CR0284,2024-08-18,instagram,carousel,18632,34274,34274,34274,0,False
P01756,C046,CR0293,2024-08-17,instagram,carousel,26,69,69,69,0,False
P01757,C046,CR0300,2024-08-15,instagram,reel,136,334,345,345,0,False
P01758,C046,CR0300,2024-08-16,instagram,carousel,36,481,481,481,0,False
P01759,C046,CR0302,2024-08-21,instagram,carousel,20,35,35,35,0,False
P01760,C046,CR0311,2024-08-16,instagram,carousel,116,391,391,391,0,False
P01761,C046,CR0322,2024-08-20,instagram,reel,267,592,592,592,0,False
P01762,C046,CR0337,2024-08-16,instagram,carousel,38,144,144,144,0,False
P01763,C046,CR0370,2024-08-19,instagram,reel,181,365,365,365,0,False
P01764,C046,CR0370,2024-08-22,instagram,reel,112,112,112,112,0,False
P01765,C046,CR0421,2024-08-21,instagram,carousel,2645,4527,4527,4527,0,False
P01766,C046,CR0422,2024-08-18,instagram,carousel,3393,14071,14071,14071,0,False
P01767,C046,CR0438,2024-08-15,instagram,carousel,1804,6222,6748,6748,0,False
P01768,C046,CR0447,2024-08-20,instagram,reel,29591,65620,65620,65620,14800,False
P01769,C046,CR0468,2024-08-16,instagram,carousel,34,328,328,328,0,False
P01770,C046,CR0475,2024-08-15,instagram,reel,258,984,1045,1045,0,False
P01771,C046,CR0500,2024-08-18,instagram,reel,112,335,335,335,0,False
P01772,C047,CR0002,2024-08-26,instagram,carousel,22,59,66,66,0,False
P01773,C047,CR0002,2024-09-03,instagram,reel,28,48,48,48,0,False
P01774,C047,CR0003,2024-08-29,instagram,carousel,484,2823,2823,2823,0,False
P01775,C047,CR0005,2024-08-20,instagram,carousel,15,82,88,88,0,False
P01776,C047,CR0012,2024-09-02,instagram,carousel,65,187,187,187,0,False
P01777,C047,CR0016,2024-09-01,instagram,reel,34,162,162,162,0,False
P01778,C047,CR0020,2024-08-22,instagram,carousel,31,120,133,133,0,False
P01779,C047,CR0024,2024-08-27,instagram,carousel,85,179,182,182,0,False
P01780,C047,CR0030,2024-08-26,instagram,reel,40,177,183,183,0,False
P01781,C047,CR0030,2024-09-01,instagram,reel,28,72,72,72,0,False
P01782,C047,CR0038,2024-09-03,instagram,carousel,4482,7671,7671,7671,0,False
P01783,C047,CR0038,2024-09-04,instagram,carousel,8610,8610,8610,8610,0,False
P01784,C047,CR0052,2024-08-30,instagram,reel,74,242,242,242,0,False
P01785,C047,CR0053,2024-08-27,instagram,reel,65,215,236,236,0,False
P01786,C047,CR0054,2024-08-28,instagram,carousel,452,1422,1464,1464,0,False
P01787,C047,CR0061,2024-08-22,instagram,carousel,3264,70841,145890,145890,4900,False
P01788,C047,CR0098,2024-08-29,instagram,carousel,59,261,261,261,0,False
P01789,C047,CR0101,2024-09-03,instagram,carousel,41,139,139,139,0,False
P01790,C047,CR0108,2024-08-29,instagram,carousel,52,272,272,272,0,False
P01791,C047,CR0128,2024-08-27,instagram,carousel,48,241,288,288,0,False
P01792,C047,CR0153,2024-08-23,instagram,reel,76,264,340,340,0,False
P01793,C047,CR0297,2024-09-04,instagram,carousel,593,593,593,593,0,False
P01794,C047,CR0299,2024-08-23,instagram,carousel,239,2062,2447,2447,0,False
P01795,C047,CR0318,2024-08-28,instagram,carousel,149,469,483,483,0,False
P01796,C047,CR0318,2024-08-30,instagram,carousel,146,578,578,578,0,False
P01797,C047,CR0332,2024-08-30,instagram,carousel,2777,8553,8553,8553,0,False
P01798,C047,CR0332,2024-08-31,instagram,carousel,2194,7596,7596,7596,0,False
P01799,C047,CR0332,2024-09-01,instagram,carousel,2660,6856,6856,6856,0,False
P01800,C047,CR0332,2024-09-04,instagram,reel,3728,3728,3728,3728,0,False
P01801,C047,CR0337,2024-08-19,instagram,carousel,64,541,2695,2695,0,False
P01802,C047,CR0337,2024-08-21,instagram,carousel,47,409,509,509,0,False
P01803,C047,CR0337,2024-08-28,instagram,carousel,40,212,237,237,0,False
P01804,C047,CR0358,2024-09-03,instagram,carousel,57,89,89,89,0,False
P01805,C047,CR0379,2024-08-20,instagram,reel,1112,4759,11793,11793,0,False
P01806,C047,CR0379,2024-09-03,instagram,carousel,1040,2043,2043,2043,0,False
P01807,C047,CR0425,2024-09-04,instagram,reel,925,925,925,925,0,False
P01808,C047,CR0427,2024-08-19,instagram,carousel,1073,4519,15096,15096,0,False
P01809,C047,CR0427,2024-08-21,instagram,carousel,999,2794,2924,2924,0,False
P01810,C047,CR0427,2024-08-27,instagram,reel,1163,3996,3996,3996,0,False
P01811,C047,CR0427,2024-08-28,instagram,carousel,1194,6738,8385,8385,0,False
P01812,C047,CR0465,2024-08-24,instagram,carousel,35,297,598,598,0,False
P01813,C047,CR0471,2024-08-28,instagram,carousel,609,1968,2051,2051,0,False
P01814,C048,CR0033,2024-09-22,youtube,long_form,170,786,786,786,0,False
P01815,C048,CR0043,2024-09-05,youtube,short,415,1981,2241,2241,0,False
P01816,C048,CR0043,2024-09-08,youtube,long_form,919,11024,15891,15891,1700,False
P01817,C048,CR0043,2024-09-15,youtube,short,662,4174,5676,5676,0,False
P01818,C048,CR0083,2024-09-02,youtube,long_form,34,256,1100,1100,0,False
P01819,C048,CR0148,2024-09-05,youtube,long_form,1752,8651,10339,10339,1700,False
P01820,C048,CR0173,2024-09-15,youtube,long_form,378,1671,1671,1671,0,False
P01821,C048,CR0201,2024-08-31,youtube,long_form,35,117,123,123,0,False
P01822,C048,CR0204,2024-08-27,youtube,short,36,94,134,134,0,False
P01823,C048,CR0204,2024-09-04,youtube,short,34,138,224,224,0,False
P01824,C048,CR0215,2024-09-27,youtube,long_form,134,208,208,208,0,False
P01825,C048,CR0215,2024-09-28,youtube,long_form,113,113,113,113,0,False
P01826,C048,CR0301,2024-09-04,youtube,long_form,4019,10807,16671,16671,1700,False
P01827,C048,CR0301,2024-09-20,youtube,short,2392,43674,51521,51521,8300,False
P01828,C048,CR0323,2024-09-12,youtube,long_form,99,646,962,962,0,False
P01829,C049,CR0040,2024-08-25,youtube,short,290,2454,3368,3368,200,False
P01830,C049,CR0040,2024-08-31,youtube,short,241,2335,2642,2642,200,False
P01831,C049,CR0073,2024-09-05,youtube,long_form,5855,53708,53708,53708,200,False
P01832,C049,CR0087,2024-08-29,youtube,long_form,61,139,158,158,0,False
P01833,C049,CR0121,2024-08-30,youtube,short,91,1915,1991,1991,200,True
P01834,C049,CR0121,2024-09-05,youtube,short,1211,2579,2579,2579,200,False
P01835,C049,CR0229,2024-09-06,youtube,short,457,1013,1013,1013,200,False
P01836,C049,CR0286,2024-08-26,youtube,long_form,2615,12564,25097,25097,200,False
P01837,C049,CR0286,2024-08-29,youtube,long_form,1908,5650,6287,6287,200,False
P01838,C049,CR0319,2024-08-30,youtube,long_form,76,190,190,190,0,False
P01839,C049,CR0329,2024-09-06,youtube,long_form,38,84,84,84,0,False
P01840,C049,CR0334,2024-08-26,youtube,long_form,91,308,368,368,100,False
P01841,C049,CR0340,2024-08-27,youtube,long_form,118,1706,1883,1883,200,True
P01842,C049,CR0340,2024-08-30,youtube,short,235,486,486,486,100,False
P01843,C049,CR0361,2024-08-29,youtube,short,53,359,820,820,200,True
P01844,C049,CR0386,2024-08-29,youtube,short,942,5089,6276,6276,200,False
P01845,C049,CR0402,2024-08-30,youtube,short,49,151,154,154,0,False
P01846,C049,CR0402,2024-09-04,youtube,short,40,187,187,187,0,False
P01847,C049,CR0417,2024-08-30,youtube,long_form,19,908,2506,2506,200,False
P01848,C049,CR0428,2024-08-27,youtube,long_form,109,230,246,246,0,False
P01849,C049,CR0452,2024-09-08,youtube,long_form,905,905,905,905,200,False
P01850,C049,CR0478,2024-08-30,youtube,short,80,369,437,437,100,False
P01851,C049,CR0486,2024-09-06,youtube,long_form,1301,3769,3769,3769,200,False
P01852,C050,CR0082,2024-09-17,youtube,long_form,24,82,84,84,0,False
P01853,C050,CR0095,2024-09-22,youtube,long_form,514,1283,1283,1283,200,False
P01854,C050,CR0095,2024-09-23,youtube,short,745,2147,2147,2147,200,False
P01855,C050,CR0116,2024-08-29,youtube,short,23,71,77,77,0,False
P01856,C050,CR0116,2024-09-18,youtube,long_form,21,67,70,70,0,False
P01857,C050,CR0116,2024-09-22,youtube,long_form,17,47,47,47,0,False
P01858,C050,CR0150,2024-09-05,youtube,short,65,437,532,532,200,False
P01859,C050,CR0150,2024-09-12,youtube,long_form,41,235,274,274,100,False
P01860,C050,CR0176,2024-09-14,youtube,long_form,644,2025,2521,2521,200,False
P01861,C050,CR0215,2024-09-12,youtube,short,198,753,831,831,200,False
P01862,C050,CR0215,2024-09-13,youtube,short,155,514,576,576,200,False
P01863,C050,CR0232,2024-09-09,youtube,long_form,126,351,351,351,100,False
P01864,C050,CR0232,2024-09-17,youtube,long_form,136,879,1201,1201,200,False
P01865,C050,CR0248,2024-09-11,youtube,long_form,66,276,327,327,100,False
P01866,C050,CR0248,2024-09-19,youtube,long_form,117,576,576,576,200,False
P01867,C050,CR0248,2024-09-21,youtube,long_form,76,405,405,405,100,False
P01868,C050,CR0292,2024-09-21,youtube,short,138,407,407,407,100,False
P01869,C050,CR0307,2024-09-06,youtube,long_form,126,396,480,480,100,False
P01870,C050,CR0307,2024-09-10,youtube,long_form,181,731,994,994,200,False
P01871,C050,CR0320,2024-09-06,youtube,short,98,544,920,920,200,False
P01872,C050,CR0333,2024-09-19,youtube,short,35,298,298,298,100,False
P01873,C050,CR0352,2024-09-11,youtube,long_form,34,106,126,126,0,False
P01874,C050,CR0361,2024-09-12,youtube,short,25,84,181,181,0,False
P01875,C050,CR0361,2024-09-18,youtube,short,44,207,223,223,100,False
P01876,C050,CR0444,2024-09-19,youtube,short,14,137,137,137,0,False
P01877,C050,CR0453,2024-09-06,youtube,short,41,137,233,233,100,False
P01878,C050,CR0456,2024-09-04,youtube,short,52,280,545,545,200,False
P01879,C050,CR0456,2024-09-13,youtube,long_form,66,265,265,265,100,False
P01880,C050,CR0484,2024-09-11,youtube,short,1870,4330,4330,4330,200,False
P01881,C050,CR0484,2024-09-24,youtube,long_form,1465,2507,2507,2507,200,False
P01882,C051,CR0009,2024-09-08,youtube,long_form,10,72,77,77,0,False
P01883,C051,CR0009,2024-09-15,youtube,long_form,6,60,66,66,0,False
P01884,C051,CR0009,2024-09-17,youtube,long_form,15,66,66,66,0,False
P01885,C051,CR0025,2024-09-08,youtube,short,43,871,2507,2507,0,False
P01886,C051,CR0041,2024-09-04,youtube,long_form,46,261,948,948,0,False
P01887,C051,CR0049,2024-09-03,youtube,short,13,53,54,54,0,False
P01888,C051,CR0084,2024-09-14,youtube,long_form,11,69,75,75,0,False
P01889,C051,CR0084,2024-09-19,youtube,long_form,14,42,42,42,0,False
P01890,C051,CR0093,2024-09-15,youtube,long_form,268,1655,1881,1881,0,False
P01891,C051,CR0116,2024-09-09,youtube,long_form,9,31,42,42,0,False
P01892,C051,CR0116,2024-09-11,youtube,long_form,8,32,62,62,0,False
P01893,C051,CR0116,2024-09-20,youtube,long_form,9,39,39,39,0,False
P01894,C051,CR0203,2024-09-20,youtube,long_form,289,744,744,744,0,False
P01895,C051,CR0204,2024-09-20,youtube,short,8,22,22,22,0,False
P01896,C051,CR0265,2024-09-20,youtube,long_form,8,29,29,29,0,False
P01897,C051,CR0285,2024-09-03,youtube,long_form,10,39,41,41,0,False
P01898,C051,CR0285,2024-09-10,youtube,short,10,33,48,48,0,False
P01899,C051,CR0292,2024-09-08,youtube,short,96,2161,2402,2402,0,False
P01900,C051,CR0292,2024-09-11,youtube,long_form,354,713,817,817,0,False
P01901,C051,CR0292,2024-09-20,youtube,long_form,140,1847,1847,1847,0,False
P01902,C051,CR0336,2024-09-19,youtube,short,1200,3092,3092,3092,0,False
P01903,C051,CR0363,2024-09-07,youtube,long_form,99,200,225,225,0,True
P01904,C051,CR0363,2024-09-17,youtube,short,74,146,146,146,0,True
P01905,C051,CR0441,2024-09-11,youtube,long_form,18,65,75,75,0,False
P01906,C052,CR0051,2024-09-13,youtube,long_form,4645,14215,14215,14215,2500,False
P01907,C052,CR0143,2024-09-11,youtube,long_form,167,907,907,907,0,False
P01908,C052,CR0143,2024-09-14,youtube,short,98,218,218,218,0,False
P01909,C052,CR0176,2024-09-14,youtube,long_form,483,1493,1493,1493,0,False
P01910,C052,CR0180,2024-09-16,youtube,short,324,324,324,324,0,False
P01911,C052,CR0203,2024-09-12,youtube,long_form,916,3949,3949,3949,0,False
P01912,C052,CR0203,2024-09-13,youtube,short,791,2039,2039,2039,0,False
P01913,C052,CR0212,2024-09-16,youtube,short,13,13,13,13,0,False
P01914,C052,CR0215,2024-09-10,youtube,short,200,501,501,501,0,False
P01915,C052,CR0236,2024-09-12,youtube,long_form,49,185,185,185,0,False
P01916,C052,CR0250,2024-09-10,youtube,long_form,5449,32626,32626,32626,4900,False
P01917,C052,CR0250,2024-09-12,youtube,long_form,5609,19116,19116,19116,2500,False
P01918,C052,CR0250,2024-09-15,youtube,long_form,4708,8058,8058,8058,1200,False
P01919,C052,CR0276,2024-09-14,youtube,long_form,24,86,86,86,0,False
P01920,C052,CR0292,2024-09-15,youtube,short,315,539,539,539,0,False
P01921,C052,CR0306,2024-09-09,youtube,short,1112,2253,2325,2325,0,False
P01922,C052,CR0307,2024-09-08,youtube,long_form,244,1299,1659,1659,0,False
P01923,C052,CR0307,2024-09-13,youtube,short,115,437,437,437,0,False
P01924,C052,CR0361,2024-09-13,youtube,long_form,52,136,136,136,0,False
P01925,C052,CR0386,2024-09-11,youtube,long_form,1068,3989,3989,3989,0,False
P01926,C052,CR0408,2024-09-09,youtube,long_form,2866,8738,9015,9015,1200,False
P01927,C052,CR0408,2024-09-10,youtube,long_form,2043,6567,6567,6567,1200,False
P01928,C052,CR0459,2024-09-14,youtube,short,80,177,177,177,0,False
P01929,C053,CR0012,2024-09-15,instagram,carousel,112,1138,2221,2221,0,False
P01930,C053,CR0022,2024-10-03,instagram,carousel,25,42,42,42,0,False
P01931,C053,CR0024,2024-10-04,instagram,reel,4,4,4,4,0,False
P01932,C053,CR0086,2024-09-09,instagram,reel,285,6179,49284,49284,0,False
P01933,C053,CR0099,2024-10-03,instagram,reel,84,187,187,187,0,False
P01934,C053,CR0104,2024-09-24,instagram,carousel,4219,22151,22957,22957,0,False
P01935,C053,CR0104,2024-10-03,instagram,carousel,1443,4487,4487,4487,0,False
P01936,C053,CR0136,2024-09-13,instagram,carousel,58,236,268,268,0,False
P01937,C053,CR0140,2024-09-15,instagram,carousel,868,3062,5380,5380,0,False
P01938,C053,CR0140,2024-09-29,instagram,carousel,159,246,246,246,0,False
P01939,C053,CR0140,2024-10-01,instagram,reel,153,394,394,394,0,False
P01940,C053,CR0145,2024-09-29,instagram,carousel,805,2429,2429,2429,0,False
P01941,C053,CR0162,2024-10-03,instagram,carousel,76,169,169,169,0,False
P01942,C053,CR0177,2024-09-19,instagram,carousel,120,602,625,625,0,False
P01943,C053,CR0177,2024-09-29,instagram,carousel,19,86,86,86,0,False
P01944,C053,CR0177,2024-10-03,instagram,carousel,21,46,46,46,0,False
P01945,C053,CR0202,2024-09-09,instagram,carousel,231,1827,4056,4056,0,False
P01946,C053,CR0202,2024-09-13,instagram,reel,228,743,743,743,0,False
P01947,C053,CR0211,2024-09-16,instagram,reel,65,1281,2039,2039,0,False
P01948,C053,CR0211,2024-09-22,instagram,carousel,37,116,118,118,0,False
P01949,C053,CR0211,2024-10-03,instagram,reel,10,17,17,17,0,False
P01950,C053,CR0225,2024-09-20,instagram,reel,39,348,375,375,0,False
P01951,C053,CR0225,2024-09-21,instagram,carousel,35,206,653,653,0,False
P01952,C053,CR0256,2024-09-25,instagram,carousel,77,186,186,186,0,True
P01953,C053,CR0321,2024-09-29,instagram,carousel,18,87,87,87,0,False
P01954,C053,CR0321,2024-10-03,instagram,carousel,11,19,19,19,0,False
P01955,C053,CR0378,2024-09-30,instagram,carousel,25,512,512,512,0,False
P01956,C053,CR0378,2024-10-04,instagram,carousel,27,27,27,27,0,False
P01957,C053,CR0389,2024-09-22,instagram,carousel,25,122,136,136,0,False
P01958,C053,CR0389,2024-10-02,instagram,carousel,10,44,44,44,0,False
P01959,C053,CR0416,2024-09-20,instagram,carousel,75,236,244,244,0,False
P01960,C053,CR0438,2024-09-22,instagram,reel,1187,8265,8678,8678,0,True
P01961,C053,CR0439,2024-09-10,instagram,carousel,37,155,190,190,0,False
P01962,C053,CR0439,2024-09-14,instagram,carousel,18,82,126,126,0,False
P01963,C053,CR0439,2024-10-02,instagram,carousel,6,17,17,17,0,False
P01964,C053,CR0450,2024-09-26,instagram,carousel,2908,4983,5657,5657,0,True
P01965,C053,CR0450,2024-09-27,instagram,carousel,747,6077,7943,7943,0,False
P01966,C053,CR0454,2024-09-18,instagram,reel,21,113,165,165,0,False
P01967,C053,CR0465,2024-09-17,instagram,carousel,28,110,129,129,0,False
P01968,C053,CR0465,2024-09-22,instagram,carousel,34,239,262,262,0,False
P01969,C053,CR0467,2024-09-25,instagram,carousel,50,121,126,126,0,False
P01970,C053,CR0467,2024-10-02,instagram,carousel,13,60,60,60,0,False
P01971,C053,CR0488,2024-09-10,instagram,carousel,23,94,144,144,0,False
P01972,C054,CR0003,2024-10-08,instagram,carousel,126,457,457,457,0,False
P01973,C054,CR0003,2024-10-09,instagram,reel,78,767,767,767,0,False
P01974,C054,CR0022,2024-10-06,instagram,reel,19,125,125,125,0,False
P01975,C054,CR0022,2024-10-09,instagram,carousel,13,41,41,41,0,False
P01976,C054,CR0059,2024-10-08,instagram,carousel,25,71,71,71,0,False
P01977,C054,CR0075,2024-09-30,instagram,reel,24,140,227,227,0,False
P01978,C054,CR0102,2024-10-06,instagram,carousel,2956,16726,16726,16726,0,False
P01979,C054,CR0146,2024-10-10,instagram,carousel,2019,10796,10796,10796,0,False
P01980,C054,CR0164,2024-09-30,instagram,carousel,323,2508,3174,3174,0,False
P01981,C054,CR0164,2024-10-03,instagram,reel,491,1667,1912,1912,0,False
P01982,C054,CR0171,2024-10-10,instagram,carousel,38,84,84,84,0,False
P01983,C054,CR0186,2024-10-06,instagram,reel,53,204,204,204,0,False
P01984,C054,CR0199,2024-09-28,instagram,reel,35,115,190,190,0,False
P01985,C054,CR0205,2024-10-05,instagram,carousel,15,71,78,78,0,False
P01986,C054,CR0216,2024-09-25,instagram,carousel,103,252,252,252,0,False
P01987,C054,CR0216,2024-09-27,instagram,carousel,13,115,155,155,0,False
P01988,C054,CR0225,2024-10-12,instagram,carousel,10,10,10,10,0,False
P01989,C054,CR0274,2024-10-10,instagram,carousel,109,387,387,387,0,False
P01990,C054,CR0324,2024-09-26,instagram,carousel,2988,9897,45979,45979,4200,False
P01991,C054,CR0339,2024-09-30,instagram,reel,525,1603,1658,1658,0,False
P01992,C054,CR0339,2024-10-01,instagram,carousel,412,1368,1838,1838,0,False
P01993,C054,CR0350,2024-10-04,instagram,carousel,10,63,76,76,0,False
P01994,C054,CR0364,2024-09-26,instagram,reel,22,68,95,95,0,False
P01995,C054,CR0364,2024-10-04,instagram,carousel,7,84,96,96,0,True
P01996,C054,CR0364,2024-10-11,instagram,carousel,15,25,25,25,0,False
P01997,C054,CR0369,2024-10-05,instagram,carousel,7,20,21,21,0,False
P01998,C054,CR0380,2024-10-07,instagram,carousel,201,4249,4249,4249,0,False
P01999,C054,CR0385,2024-09-29,instagram,reel,48,97,133,133,0,False
P02000,C054,CR0385,2024-10-02,instagram,carousel,8,30,40,40,0,False
P02001,C054,CR0385,2024-10-10,instagram,carousel,9,40,40,40,0,False
P02002,C054,CR0432,2024-10-06,instagram,reel,26,148,148,148,0,False
P02003,C054,CR0439,2024-10-08,instagram,reel,6,32,32,32,0,False
P02004,C054,CR0450,2024-09-28,instagram,carousel,552,2882,5055,5055,0,False
P02005,C054,CR0450,2024-10-03,instagram,reel,533,4125,4768,4768,0,False
P02006,C054,CR0450,2024-10-07,instagram,reel,615,3176,3176,3176,0,False
P02007,C054,CR0492,2024-10-08,instagram,reel,9,44,44,44,0,False
P02008,C054,CR0500,2024-10-12,instagram,carousel,25,25,25,25,0,False
P02009,C055,CR0093,2024-10-06,youtube,short,107,2170,2774,2776,300,False
P02010,C055,CR0093,2024-10-14,youtube,long_form,90,269,518,518,0,False
P02011,C055,CR0130,2024-11-03,youtube,long_form,59,167,167,167,0,False
P02012,C055,CR0143,2024-10-10,youtube,long_form,33,122,158,158,0,False
P02013,C055,CR0270,2024-10-13,youtube,short,8,31,34,34,0,False
P02014,C055,CR0292,2024-10-21,youtube,long_form,63,218,291,291,0,False
P02015,C055,CR0386,2024-09-29,youtube,long_form,260,1611,1769,1769,300,False
P02016,C055,CR0386,2024-10-21,youtube,short,172,1542,7213,7213,1300,False
P02017,C055,CR0469,2024-10-06,youtube,short,518,2946,3045,3045,300,False
P02018,C056,CR0075,2024-10-04,instagram,carousel,29,296,1620,1625,0,False
P02019,C056,CR0075,2024-10-17,instagram,reel,19,62,63,63,0,False
P02020,C056,CR0075,2024-10-18,instagram,carousel,20,145,1033,1033,0,False
P02021,C056,CR0075,2024-10-30,instagram,carousel,81,187,187,187,0,False
P02022,C056,CR0077,2024-10-12,instagram,carousel,19,79,196,196,0,False
P02023,C056,CR0077,2024-10-15,instagram,carousel,12,44,72,72,0,False
P02024,C056,CR0077,2024-10-29,instagram,reel,38,1178,1178,1178,0,False
P02025,C056,CR0127,2024-10-08,instagram,carousel,3853,19560,48140,48140,3100,False
P02026,C056,CR0129,2024-10-20,instagram,reel,8,52,213,213,0,False
P02027,C056,CR0146,2024-10-02,instagram,reel,2273,7404,30282,31475,3100,False
P02028,C056,CR0146,2024-11-01,instagram,carousel,9681,43905,43905,43905,3100,False
P02029,C056,CR0151,2024-10-06,instagram,reel,12,249,262,262,0,True
P02030,C056,CR0151,2024-10-16,instagram,carousel,149,257,539,539,0,True
P02031,C056,CR0151,2024-10-19,instagram,carousel,9,103,130,130,0,False
P02032,C056,CR0183,2024-10-25,instagram,reel,1384,33332,42504,42504,3100,False
P02033,C056,CR0183,2024-10-31,instagram,carousel,23128,44826,44826,44826,3100,False
P02034,C056,CR0195,2024-10-25,instagram,carousel,12,147,240,240,0,False
P02035,C056,CR0196,2024-10-23,instagram,reel,102,1257,2284,2284,0,False
P02036,C056,CR0217,2024-11-01,instagram,reel,53,137,137,137,0,False
P02037,C056,CR0218,2024-10-27,instagram,carousel,43,211,247,247,0,False
P02038,C056,CR0218,2024-10-28,instagram,carousel,57,503,552,552,0,False
P02039,C056,CR0235,2024-10-16,instagram,carousel,4454,8333,9555,9555,800,True
P02040,C056,CR0235,2024-10-26,instagram,carousel,590,13246,14158,14158,800,False
P02041,C056,CR0235,2024-10-29,instagram,carousel,4795,10489,10489,10489,800,False
P02042,C056,CR0240,2024-10-04,instagram,reel,17,78,90,90,0,False
P02043,C056,CR0308,2024-10-26,instagram,reel,66,3267,4991,4991,0,False
P02044,C056,CR0311,2024-10-20,instagram,carousel,47,199,625,625,0,False
P02045,C056,CR0311,2024-10-25,instagram,carousel,36,534,600,600,0,False
P02046,C056,CR0311,2024-10-30,instagram,carousel,144,1384,1384,1384,0,False
P02047,C056,CR0359,2024-10-08,instagram,carousel,26,81,84,84,0,False
P02048,C056,CR0368,2024-10-12,instagram,reel,50,152,197,197,0,False
P02049,C056,CR0436,2024-10-16,instagram,carousel,1008,7551,13043,13043,800,False
P02050,C056,CR0436,2024-10-21,instagram,reel,969,4177,6562,6562,800,False
P02051,C056,CR0443,2024-10-24,instagram,reel,12572,39337,52872,52872,3100,True
P02052,C056,CR0454,2024-10-09,instagram,carousel,52,118,129,129,0,False
P02053,C056,CR0454,2024-10-11,instagram,carousel,15,31,31,31,0,False
P02054,C056,CR0454,2024-10-18,instagram,carousel,6,79,101,101,0,False
P02055,C056,CR0454,2024-10-21,instagram,carousel,704,1127,1749,1749,0,True
P02056,C056,CR0454,2024-10-22,instagram,carousel,114,246,323,323,0,True
P02057,C056,CR0454,2024-10-27,instagram,reel,233,467,478,478,0,True
P02058,C056,CR0471,2024-10-26,instagram,carousel,274,9454,11916,11916,800,False
P02059,C057,CR0021,2024-10-06,instagram,carousel,50,158,158,158,0,False
P02060,C057,CR0022,2024-10-05,instagram,carousel,13,35,35,35,0,False
P02061,C057,CR0105,2024-10-05,instagram,carousel,8,20,20,20,0,False
P02062,C057,CR0134,2024-10-07,instagram,carousel,34,34,34,34,0,False
P02063,C057,CR0152,2024-10-04,instagram,carousel,8,21,21,21,0,False
P02064,C057,CR0187,2024-10-06,instagram,carousel,10,17,17,17,0,False
P02065,C057,CR0205,2024-10-01,instagram,reel,28,125,125,125,0,False
P02066,C057,CR0220,2024-10-01,instagram,carousel,187,788,788,788,100,False
P02067,C057,CR0267,2024-10-05,instagram,carousel,2483,7191,7191,7191,200,False
P02068,C057,CR0348,2024-10-02,instagram,carousel,18,103,103,103,0,False
P02069,C057,CR0353,2024-10-04,instagram,carousel,566,1458,1458,1458,200,False
P02070,C057,CR0369,2024-10-05,instagram,reel,6,13,13,13,0,False
P02071,C057,CR0375,2024-10-05,instagram,reel,9,28,28,28,0,False
P02072,C057,CR0421,2024-10-07,instagram,carousel,325,325,325,325,100,False
P02073,C057,CR0440,2024-10-06,instagram,carousel,11,22,22,22,0,False
P02074,C057,CR0462,2024-10-02,instagram,carousel,1111,6089,6089,6089,200,False
P02075,C057,CR0471,2024-10-02,instagram,reel,197,2071,2071,2071,200,False
P02076,C057,CR0471,2024-10-05,instagram,carousel,203,639,639,639,100,False
P02077,C057,CR0488,2024-10-05,instagram,carousel,9,26,26,26,0,False
P02078,C058,CR0044,2024-10-10,instagram,carousel,33,104,118,118,0,False
P02079,C058,CR0044,2024-10-11,instagram,carousel,55,176,257,257,0,False
P02080,C058,CR0044,2024-10-24,instagram,carousel,62,106,106,106,0,False
P02081,C058,CR0072,2024-10-16,instagram,carousel,48,358,420,420,0,False
P02082,C058,CR0112,2024-10-17,instagram,carousel,9,40,40,40,0,False
P02083,C058,CR0114,2024-10-08,instagram,carousel,115,643,792,792,100,False
P02084,C058,CR0114,2024-10-11,instagram,reel,131,907,1260,1260,100,False
P02085,C058,CR0114,2024-10-17,instagram,reel,111,460,490,490,0,False
P02086,C058,CR0179,2024-10-22,instagram,reel,1524,2559,2559,2559,400,False
P02087,C058,CR0190,2024-10-07,instagram,carousel,994,3531,6923,6923,1000,False
P02088,C058,CR0190,2024-10-09,instagram,carousel,636,2334,3050,3050,400,False
P02089,C058,CR0220,2024-10-20,instagram,carousel,935,1782,1782,1782,100,False
P02090,C058,CR0220,2024-10-23,instagram,carousel,173,867,867,867,100,False
P02091,C058,CR0258,2024-10-17,instagram,reel,9,70,92,92,0,False
P02092,C058,CR0274,2024-10-20,instagram,carousel,59,199,199,199,0,False
P02093,C058,CR0309,2024-10-08,instagram,carousel,6,165,212,212,0,True
P02094,C058,CR0309,2024-10-09,instagram,carousel,9,1525,2449,2449,400,True
P02095,C058,CR0324,2024-10-21,instagram,reel,640,1347,1347,1347,100,False
P02096,C058,CR0324,2024-10-22,instagram,carousel,486,1253,1253,1253,100,False
P02097,C058,CR0326,2024-10-15,instagram,carousel,3797,22776,26260,26260,4900,False
P02098,C058,CR0326,2024-10-16,instagram,carousel,3292,12849,14960,14960,1000,False
P02099,C058,CR0326,2024-10-23,instagram,reel,2194,4866,4866,4866,400,False
P02100,C058,CR0343,2024-10-12,instagram,carousel,5,18,21,21,0,False
P02101,C058,CR0357,2024-10-10,instagram,reel,1087,3522,4159,4159,400,False
P02102,C058,CR0360,2024-10-21,instagram,reel,79,232,232,232,0,False
P02103,C058,CR0369,2024-10-19,instagram,carousel,4,13,13,13,0,False
P02104,C058,CR0397,2024-10-21,instagram,carousel,27,139,139,139,0,False
P02105,C059,CR0088,2024-10-11,youtube,long_form,50,284,643,643,0,False
P02106,C059,CR0088,2024-10-16,youtube,long_form,33,109,109,109,0,False
P02107,C059,CR0088,2024-10-25,youtube,long_form,41,41,41,41,0,False
P02108,C059,CR0093,2024-10-15,youtube,long_form,51,315,417,417,0,False
P02109,C059,CR0093,2024-10-19,youtube,long_form,59,805,805,805,0,False
P02110,C059,CR0093,2024-10-25,youtube,short,68,68,68,68,0,False
P02111,C059,CR0116,2024-10-24,youtube,long_form,2,4,4,4,0,False
P02112,C059,CR0336,2024-10-21,youtube,long_form,347,1871,1871,1871,0,False
P02113,C059,CR0387,2024-10-25,youtube,short,293,293,293,293,0,False
P02114,C059,CR0479,2024-10-23,youtube,short,22,49,49,49,0,False
P02115,C060,CR0003,2024-10-26,instagram,carousel,67,940,1185,1185,0,False
P02116,C060,CR0010,2024-10-30,instagram,carousel,787,2413,2413,2413,200,False
P02117,C060,CR0016,2024-10-23,instagram,reel,4,27,33,33,0,False
P02118,C060,CR0053,2024-10-27,instagram,carousel,36,150,156,156,0,False
P02119,C060,CR0092,2024-10-29,instagram,carousel,3312,12390,12390,12390,600,False
P02120,C060,CR0125,2024-10-27,instagram,carousel,15,39,39,39,0,False
P02121,C060,CR0177,2024-10-24,instagram,carousel,11,68,83,83,0,False
P02122,C060,CR0216,2024-10-28,instagram,carousel,25,106,106,106,0,False
P02123,C060,CR0216,2024-10-31,instagram,reel,41,118,118,118,0,False
P02124,C060,CR0218,2024-10-23,instagram,reel,6,852,2011,2011,200,False
P02125,C060,CR0299,2024-10-30,instagram,carousel,147,416,416,416,0,False
P02126,C060,CR0362,2024-10-24,instagram,carousel,4,23,23,23,0,False
P02127,C060,CR0362,2024-10-26,instagram,carousel,3,110,166,166,0,False
P02128,C060,CR0362,2024-10-28,instagram,carousel,12,50,50,50,0,False
P02129,C060,CR0371,2024-10-24,instagram,carousel,413,4690,10733,10733,600,False
P02130,C060,CR0429,2024-10-30,instagram,carousel,4183,35729,35729,35729,2500,False
P02131,C060,CR0429,2024-10-31,instagram,carousel,2706,6974,6974,6974,600,False
P02132,C060,CR0434,2024-10-31,instagram,carousel,3876,14123,14123,14123,600,False
P02133,C060,CR0443,2024-10-31,instagram,reel,846,2289,2289,2289,200,False
P02134,C060,CR0474,2024-10-31,instagram,carousel,220,550,550,550,0,False
P02135,C061,CR0002,2024-11-16,instagram,carousel,49,147,147,147,0,False
P02136,C061,CR0077,2024-11-16,instagram,carousel,42,132,132,132,0,False
P02137,C061,CR0085,2024-11-05,instagram,reel,3870,29500,35942,35942,0,False
P02138,C061,CR0085,2024-11-06,instagram,carousel,12759,154126,222362,222362,20300,False
P02139,C061,CR0085,2024-11-18,instagram,reel,8233,34170,34170,34170,0,False
P02140,C061,CR0085,2024-11-22,instagram,reel,4531,4531,4531,4531,0,False
P02141,C061,CR0086,2024-11-06,instagram,carousel,813,5908,6051,6051,0,False
P02142,C061,CR0096,2024-11-10,instagram,carousel,202,887,1092,1092,0,False
P02143,C061,CR0099,2024-11-12,instagram,carousel,765,2970,3548,3548,0,False
P02144,C061,CR0099,2024-11-17,instagram,carousel,1144,4298,4298,4298,0,False
P02145,C061,CR0103,2024-11-11,instagram,carousel,24952,107007,152725,152725,20300,False
P02146,C061,CR0118,2024-11-21,instagram,carousel,88,151,151,151,0,False
P02147,C061,CR0142,2024-11-08,instagram,reel,233,1064,1181,1181,0,False
P02148,C061,CR0142,2024-11-10,instagram,carousel,317,1317,1432,1432,0,False
P02149,C061,CR0152,2024-11-18,instagram,carousel,39,181,181,181,0,False
P02150,C061,CR0158,2024-11-22,instagram,carousel,204,204,204,204,0,False
P02151,C061,CR0159,2024-11-05,instagram,carousel,1380,7867,11150,11150,0,False
P02152,C061,CR0165,2024-11-21,instagram,reel,217,427,427,427,0,False
P02153,C061,CR0206,2024-11-16,instagram,carousel,223,650,650,650,0,False
P02154,C061,CR0217,2024-11-06,instagram,reel,103,671,824,824,0,False
P02155,C061,CR0224,2024-11-14,instagram,carousel,124,810,880,880,0,False
P02156,C061,CR0230,2024-11-12,instagram,carousel,80,182,190,190,0,False
P02157,C061,CR0230,2024-11-15,instagram,carousel,52,213,235,235,0,False
P02158,C061,CR0233,2024-11-04,instagram,carousel,60,195,296,296,0,False
P02159,C061,CR0233,2024-11-07,instagram,carousel,97,269,359,359,0,False
P02160,C061,CR0233,2024-11-10,instagram,carousel,101,544,574,574,0,False
P02161,C061,CR0241,2024-11-12,instagram,reel,110,471,471,471,0,False
P02162,C061,CR0241,2024-11-15,instagram,carousel,60,189,195,195,0,False
P02163,C061,CR0262,2024-11-10,instagram,reel,80,365,398,398,0,False
P02164,C061,CR0262,2024-11-13,instagram,reel,37,167,193,193,0,False
P02165,C061,CR0262,2024-11-14,instagram,carousel,47,175,193,193,0,False
P02166,C061,CR0264,2024-11-05,instagram,carousel,146,370,370,370,0,False
P02167,C061,CR0264,2024-11-14,instagram,carousel,86,1152,1237,1237,0,True
P02168,C061,CR0264,2024-11-16,instagram,reel,204,407,407,407,0,True
P02169,C061,CR0264,2024-11-19,instagram,carousel,88,800,800,800,0,False
P02170,C061,CR0266,2024-11-22,instagram,carousel,206,206,206,206,0,False
P02171,C061,CR0271,2024-11-05,instagram,carousel,226,812,953,953,0,False
P02172,C061,CR0271,2024-11-06,instagram,reel,196,635,754,754,0,False
P02173,C061,CR0271,2024-11-09,instagram,reel,279,1575,2117,2117,0,False
P02174,C061,CR0280,2024-11-12,instagram,carousel,8923,38827,38827,38827,0,False
P02175,C061,CR0289,2024-11-11,instagram,carousel,400,1271,1271,1271,0,False
P02176,C061,CR0313,2024-11-12,instagram,carousel,78,385,567,567,0,False
P02177,C061,CR0369,2024-11-06,instagram,reel,47,144,294,294,0,False
P02178,C061,CR0369,2024-11-13,instagram,carousel,34,409,490,490,0,False
P02179,C061,CR0372,2024-11-04,instagram,reel,3085,12998,14128,14128,0,False
P02180,C061,CR0372,2024-11-15,instagram,carousel,3306,16278,17995,17995,0,False
P02181,C061,CR0393,2024-11-13,instagram,carousel,4672,31926,79691,79691,0,False
P02182,C061,CR0393,2024-11-15,instagram,carousel,4177,19574,21104,21104,0,False
P02183,C061,CR0461,2024-11-05,instagram,reel,96,533,593,593,0,False
P02184,C061,CR0461,2024-11-10,instagram,carousel,115,637,971,971,0,False
P02185,C061,CR0463,2024-11-18,instagram,reel,95,624,624,624,0,False
P02186,C061,CR0476,2024-11-08,instagram,reel,56,164,164,164,0,False
P02187,C062,CR0014,2024-12-06,instagram,carousel,186,1637,1854,1854,200,False
P02188,C062,CR0014,2024-12-13,instagram,carousel,142,142,142,142,100,False
P02189,C062,CR0022,2024-11-28,instagram,carousel,65,141,148,148,100,False
P02190,C062,CR0026,2024-12-12,instagram,carousel,4011,6865,6865,6865,200,False
P02191,C062,CR0038,2024-12-09,instagram,reel,8154,23107,23107,23107,200,False
P02192,C062,CR0044,2024-11-30,instagram,reel,224,951,1127,1127,200,False
P02193,C062,CR0053,2024-11-14,instagram,reel,94,614,784,784,200,False
P02194,C062,CR0053,2024-11-15,instagram,carousel,79,287,493,493,200,False
P02195,C062,CR0061,2024-11-15,instagram,carousel,5690,22461,80912,80912,200,False
P02196,C062,CR0061,2024-11-17,instagram,carousel,6352,35857,52069,52069,200,False
P02197,C062,CR0061,2024-11-22,instagram,reel,9170,95040,207341,207341,200,False
P02198,C062,CR0076,2024-11-17,instagram,reel,7551,27788,42590,42590,200,False
P02199,C062,CR0092,2024-11-21,instagram,carousel,7568,23812,28001,28001,200,False
P02200,C062,CR0134,2024-11-16,instagram,carousel,72,529,622,622,200,True
P02201,C062,CR0140,2024-11-13,instagram,carousel,863,4933,8702,8735,200,False
P02202,C062,CR0169,2024-11-20,instagram,reel,138,1326,2500,2500,200,False
P02203,C062,CR0169,2024-11-27,instagram,reel,139,734,939,939,200,False
P02204,C062,CR0169,2024-11-30,instagram,reel,114,422,476,476,200,False
P02205,C062,CR0169,2024-12-05,instagram,carousel,118,272,278,278,200,False
P02206,C062,CR0170,2024-11-17,instagram,reel,27,114,194,194,100,False
P02207,C062,CR0170,2024-11-23,instagram,reel,51,302,432,432,200,False
P02208,C062,CR0214,2024-12-05,instagram,reel,96,660,765,765,200,False
P02209,C062,CR0216,2024-11-10,instagram,carousel,146,952,3431,3599,200,False
P02210,C062,CR0216,2024-11-11,instagram,reel,150,668,668,668,200,False
P02211,C062,CR0233,2024-12-12,instagram,carousel,43,67,67,67,0,False
P02212,C062,CR0253,2024-12-03,instagram,carousel,7070,46852,60630,60630,200,False
P02213,C062,CR0253,2024-12-05,instagram,carousel,8162,46077,51133,51133,200,False
P02214,C062,CR0274,2024-11-14,instagram,reel,495,1759,2364,2364,200,False
P02215,C062,CR0274,2024-11-15,instagram,carousel,275,1539,1631,1631,200,False
P02216,C062,CR0274,2024-11-17,instagram,carousel,412,1296,1409,1409,200,False
P02217,C062,CR0310,2024-12-13,instagram,carousel,32,32,32,32,0,False
P02218,C062,CR0316,2024-12-13,instagram,carousel,722,722,722,722,200,False
P02219,C062,CR0353,2024-12-06,instagram,carousel,3872,9436,9737,9737,200,False
P02220,C062,CR0358,2024-11-22,instagram,carousel,93,242,280,280,200,False
P02221,C062,CR0358,2024-12-08,instagram,carousel,67,210,210,210,100,False
P02222,C062,CR0360,2024-11-26,instagram,reel,248,614,662,662,200,False
P02223,C062,CR0360,2024-11-27,instagram,carousel,420,1864,3532,3532,200,False
P02224,C062,CR0360,2024-12-09,instagram,reel,346,1066,1066,1066,200,False
P02225,C062,CR0404,2024-11-13,instagram,carousel,101,259,285,285,200,False
P02226,C062,CR0404,2024-11-16,instagram,reel,164,291,299,299,200,True
P02227,C062,CR0404,2024-11-19,instagram,carousel,144,334,348,348,200,False
P02228,C062,CR0404,2024-11-25,instagram,reel,11,173,248,248,100,True
P02229,C062,CR0404,2024-12-08,instagram,carousel,13,111,111,111,100,False
P02230,C062,CR0433,2024-11-23,instagram,carousel,70,224,244,244,100,False
P02231,C062,CR0433,2024-12-05,instagram,carousel,43,207,227,227,100,False
P02232,C062,CR0433,2024-12-11,instagram,carousel,85,396,396,396,200,False
P02233,C062,CR0438,2024-11-10,instagram,carousel,1942,7417,41726,42786,200,False
P02234,C062,CR0439,2024-12-08,instagram,carousel,36,286,286,286,200,False
P02235,C062,CR0466,2024-11-16,instagram,carousel,38,120,149,149,100,False
P02236,C062,CR0466,2024-12-05,instagram,carousel,48,195,195,195,100,False
P02237,C062,CR0485,2024-11-15,instagram,carousel,114,492,528,528,200,False
P02238,C063,CR0028,2024-12-15,youtube,long_form,36,260,543,543,0,False
P02239,C063,CR0028,2024-12-20,youtube,long_form,34,174,195,195,0,False
P02240,C063,CR0083,2024-12-13,youtube,long_form,31,122,130,130,0,False
P02241,C063,CR0083,2024-12-27,youtube,long_form,22,37,37,37,0,False
P02242,C063,CR0097,2024-11-26,youtube,long_form,2803,423303,547241,547241,31300,True
P02243,C063,CR0097,2024-12-04,youtube,short,223242,397708,475246,475246,31300,True
P02244,C063,CR0097,2024-12-13,youtube,short,3520,81990,89290,89290,6300,True
P02245,C063,CR0097,2024-12-23,youtube,long_form,30336,75116,75116,75116,6300,True
P02246,C063,CR0156,2024-12-03,youtube,short,33,90,121,121,0,False
P02247,C063,CR0156,2024-12-16,youtube,short,20,119,144,144,0,False
P02248,C063,CR0173,2024-12-24,youtube,short,241,1022,1022,1022,0,False
P02249,C063,CR0268,2024-11-27,youtube,long_form,785,1621,3599,3626,300,True
P02250,C063,CR0268,2024-11-28,youtube,short,193,471,506,506,0,True
P02251,C063,CR0276,2024-12-16,youtube,short,58,435,629,629,0,False
P02252,C063,CR0287,2024-12-22,youtube,long_form,68,854,854,854,0,False
P02253,C063,CR0287,2024-12-24,youtube,long_form,59,131,131,131,0,False
P02254,C063,CR0295,2024-12-04,youtube,short,1963,10536,12679,12679,600,False
P02255,C063,CR0295,2024-12-07,youtube,short,2687,8453,10145,10145,600,False
P02256,C063,CR0306,2024-11-23,youtube,short,532,2772,3160,3160,300,False
P02257,C063,CR0306,2024-12-08,youtube,short,281,793,933,933,0,False
P02258,C063,CR0306,2024-12-17,youtube,short,419,1317,1481,1481,0,False
P02259,C063,CR0314,2024-11-27,youtube,long_form,588,3174,3466,3468,300,False
P02260,C063,CR0396,2024-12-19,youtube,long_form,68,278,362,362,0,False
P02261,C063,CR0396,2024-12-20,youtube,long_form,49,261,281,281,0,False
P02262,C063,CR0396,2024-12-23,youtube,long_form,54,162,162,162,0,False
P02263,C063,CR0423,2024-12-06,youtube,long_form,16,30,30,30,0,False
P02264,C063,CR0423,2024-12-10,youtube,long_form,18,50,58,58,0,False
P02265,C063,CR0448,2024-12-02,youtube,long_form,24,90,155,155,0,False
P02266,C063,CR0480,2024-12-10,youtube,long_form,40,95,99,99,0,False
P02267,C063,CR0480,2024-12-11,youtube,short,44,183,5017,5017,600,False
P02268,C063,CR0480,2024-12-24,youtube,long_form,37,245,245,245,0,False
P02269,C063,CR0490,2024-11-27,youtube,long_form,126,670,770,770,0,False
P02270,C063,CR0490,2024-12-08,youtube,short,140,530,560,560,0,False
P02271,C064,CR0003,2024-12-07,instagram,reel,439,2565,3065,3065,300,False
P02272,C064,CR0003,2024-12-13,instagram,carousel,388,1441,1441,1441,100,False
P02273,C064,CR0005,2024-12-06,instagram,reel,25,193,204,204,0,False
P02274,C064,CR0005,2024-12-09,instagram,reel,16,106,106,106,0,False
P02275,C064,CR0014,2024-12-14,instagram,carousel,76,169,169,169,0,False
P02276,C064,CR0052,2024-12-09,instagram,carousel,100,1039,1039,1039,100,True
P02277,C064,CR0052,2024-12-11,instagram,reel,87,459,459,459,0,False
P02278,C064,CR0052,2024-12-15,instagram,reel,145,145,145,145,0,False
P02279,C064,CR0098,2024-12-10,instagram,carousel,34,161,161,161,0,False
P02280,C064,CR0098,2024-12-11,instagram,carousel,61,505,505,505,100,False
P02281,C064,CR0101,2024-12-10,instagram,reel,65,196,196,196,0,False
P02282,C064,CR0120,2024-12-15,instagram,carousel,661,661,661,661,100,False
P02283,C064,CR0186,2024-12-15,instagram,carousel,303,303,303,303,0,False
P02284,C064,CR0190,2024-12-13,instagram,reel,3675,9484,9484,9484,300,False
P02285,C064,CR0208,2024-12-04,instagram,reel,84,324,379,379,0,False
P02286,C064,CR0211,2024-12-13,instagram,carousel,74,229,229,229,0,False
P02287,C064,CR0218,2024-12-05,instagram,carousel,43,135,145,145,0,False
P02288,C064,CR0220,2024-12-06,instagram,reel,932,2899,3253,3253,300,False
P02289,C064,CR0224,2024-12-14,instagram,reel,53,82,82,82,0,False
P02290,C064,CR0231,2024-12-04,instagram,carousel,122,471,502,502,100,False
P02291,C064,CR0243,2024-12-15,instagram,carousel,71,71,71,71,0,False
P02292,C064,CR0262,2024-12-08,instagram,carousel,42,146,174,174,0,False
P02293,C064,CR0281,2024-12-14,instagram,reel,509,1346,1346,1346,100,False
P02294,C064,CR0305,2024-12-07,instagram,carousel,39,146,157,157,0,False
P02295,C064,CR0310,2024-12-13,instagram,carousel,13,40,40,40,0,False
P02296,C064,CR0324,2024-12-10,instagram,carousel,2450,12817,12817,12817,1400,False
P02297,C064,CR0324,2024-12-11,instagram,reel,1916,5430,5430,5430,300,False
P02298,C064,CR0341,2024-12-15,instagram,reel,7370,7370,7370,7370,300,False
P02299,C064,CR0342,2024-12-07,instagram,carousel,3402,12008,12722,12722,1400,False
P02300,C064,CR0342,2024-12-11,instagram,carousel,3081,11873,11873,11873,1400,False
P02301,C064,CR0344,2024-12-12,instagram,reel,7788,20075,20075,20075,2700,False
P02302,C064,CR0359,2024-12-15,instagram,carousel,73,73,73,73,0,False
P02303,C064,CR0367,2024-12-07,instagram,reel,39,246,259,259,0,False
P02304,C064,CR0367,2024-12-09,instagram,reel,675,1619,1619,1619,100,True
P02305,C064,CR0367,2024-12-12,instagram,reel,155,302,302,302,0,False
P02306,C064,CR0421,2024-12-11,instagram,carousel,1535,4260,4260,4260,300,False
P02307,C064,CR0432,2024-12-13,instagram,carousel,83,184,184,184,0,False
P02308,C065,CR0026,2025-01-10,instagram,reel,2800,10076,10076,10076,200,False
P02309,C065,CR0026,2025-01-11,instagram,carousel,3099,12089,12089,12089,200,False
P02310,C065,CR0047,2025-01-06,instagram,reel,68,239,306,306,100,False
P02311,C065,CR0075,2025-01-09,instagram,carousel,56,330,330,330,100,False
P02312,C065,CR0077,2024-12-29,instagram,carousel,41,227,441,441,100,False
P02313,C065,CR0085,2025-01-13,instagram,carousel,1925,7154,7154,7154,200,False
P02314,C065,CR0108,2025-01-01,instagram,reel,48,458,1422,1422,200,False
P02315,C065,CR0110,2025-01-14,instagram,reel,37,63,63,63,0,False
P02316,C065,CR0120,2024-12-15,instagram,reel,713,6752,8210,8210,200,False
P02317,C065,CR0120,2024-12-26,instagram,carousel,561,1635,2574,2574,200,False
P02318,C065,CR0120,2024-12-27,instagram,reel,704,3084,5815,5815,200,False
P02319,C065,CR0120,2025-01-07,instagram,carousel,708,1490,1490,1490,200,False
P02320,C065,CR0145,2025-01-03,instagram,carousel,4129,10962,12289,12289,200,False
P02321,C065,CR0162,2025-01-05,instagram,carousel,183,576,602,602,200,False
P02322,C065,CR0177,2024-12-28,instagram,carousel,62,195,234,234,0,False
P02323,C065,CR0188,2024-12-15,instagram,carousel,22,135,167,167,0,False
P02324,C065,CR0188,2024-12-22,instagram,carousel,16,252,5528,5528,200,False
P02325,C065,CR0188,2024-12-25,instagram,carousel,28,51,51,51,0,False
P02326,C065,CR0188,2024-12-26,instagram,reel,25,317,317,317,100,False
P02327,C065,CR0188,2025-01-10,instagram,reel,18,107,107,107,0,False
P02328,C065,CR0208,2025-01-12,instagram,reel,69,211,211,211,0,False
P02329,C065,CR0235,2025-01-11,instagram,carousel,1544,3947,3947,3947,200,False
P02330,C065,CR0241,2025-01-07,instagram,reel,56,178,186,186,0,False
P02331,C065,CR0241,2025-01-11,instagram,carousel,49,355,355,355,100,False
P02332,C065,CR0243,2025-01-01,instagram,carousel,118,419,486,486,100,False
P02333,C065,CR0264,2024-12-27,instagram,carousel,31,174,208,208,0,False
P02334,C065,CR0278,2024-12-27,instagram,carousel,13554,140471,951331,951331,200,False
P02335,C065,CR0290,2024-12-20,instagram,reel,1206,11170,17689,17689,200,False
P02336,C065,CR0296,2024-12-23,instagram,carousel,21,83,91,91,0,False
P02337,C065,CR0300,2024-12-18,instagram,carousel,52,110,110,110,0,False
P02338,C065,CR0300,2024-12-29,instagram,carousel,29,113,131,131,0,False
P02339,C065,CR0330,2025-01-10,instagram,carousel,22,80,80,80,0,False
P02340,C065,CR0330,2025-01-13,instagram,carousel,27,59,59,59,0,False
P02341,C065,CR0358,2024-12-15,instagram,reel,64,383,399,399,100,False
P02342,C065,CR0358,2024-12-25,instagram,reel,66,207,236,236,0,False
P02343,C065,CR0362,2025-01-13,instagram,reel,20,62,62,62,0,False
P02344,C065,CR0368,2025-01-11,instagram,carousel,132,583,583,583,200,False
P02345,C065,CR0373,2025-01-15,instagram,reel,47,47,47,47,0,False
P02346,C065,CR0374,2024-12-24,instagram,reel,42,139,202,202,0,False
P02347,C065,CR0374,2025-01-06,instagram,carousel,37,253,381,381,100,False
P02348,C065,CR0374,2025-01-14,instagram,reel,30,51,51,51,0,False
P02349,C065,CR0383,2024-12-30,instagram,reel,47,189,189,189,0,False
P02350,C065,CR0383,2025-01-07,instagram,carousel,35,294,304,304,100,False
P02351,C065,CR0409,2024-12-22,instagram,reel,144306,286892,381592,381592,200,True
P02352,C065,CR0433,2025-01-02,instagram,reel,43,174,174,174,0,False
P02353,C065,CR0461,2025-01-15,instagram,carousel,53,53,53,53,0,False
P02354,C065,CR0476,2024-12-22,instagram,reel,18,56,86,86,0,False
P02355,C065,CR0476,2024-12-24,instagram,carousel,15,33,46,46,0,False
P02356,C065,CR0476,2025-01-06,instagram,carousel,25,174,320,320,100,False
P02357,C065,CR0492,2024-12-25,instagram,reel,18,45,45,45,0,False
P02358,C066,CR0017,2025-01-12,instagram,carousel,100,258,730,730,0,False
P02359,C066,CR0024,2025-01-24,instagram,carousel,19,60,60,60,0,False
P02360,C066,CR0024,2025-01-25,instagram,carousel,16,42,42,42,0,False
P02361,C066,CR0047,2025-01-04,instagram,carousel,68,567,842,842,0,False
P02362,C066,CR0069,2025-01-25,instagram,carousel,568,2430,2430,2430,0,False
P02363,C066,CR0070,2024-12-27,instagram,reel,85,668,668,668,0,False
P02364,C066,CR0070,2025-01-03,instagram,carousel,112,1606,2865,2865,0,False
P02365,C066,CR0070,2025-01-09,instagram,carousel,75,689,895,895,0,False
P02366,C066,CR0070,2025-01-23,instagram,carousel,115,361,361,361,0,False
P02367,C066,CR0077,2025-01-05,instagram,carousel,45,336,467,467,0,False
P02368,C066,CR0094,2025-01-27,instagram,carousel,34,85,85,85,0,False
P02369,C066,CR0103,2025-01-15,instagram,reel,15968,86982,102649,102649,19500,False
P02370,C066,CR0112,2025-01-04,instagram,carousel,524,946,1023,1023,0,True
P02371,C066,CR0127,2024-12-28,instagram,carousel,17885,56261,79865,80182,0,False
P02372,C066,CR0159,2025-01-10,instagram,carousel,1249,6676,18648,18648,0,False
P02373,C066,CR0159,2025-01-15,instagram,carousel,908,5858,6263,6263,0,False
P02374,C066,CR0159,2025-01-27,instagram,carousel,688,2556,2556,2556,0,False
P02375,C066,CR0159,2025-01-28,instagram,carousel,814,1393,1393,1393,0,False
P02376,C066,CR0163,2025-01-22,instagram,carousel,152,1062,1170,1170,0,False
P02377,C066,CR0163,2025-01-27,instagram,carousel,239,595,595,595,0,False
P02378,C066,CR0168,2025-01-10,instagram,reel,40,157,175,175,0,False
P02379,C066,CR0192,2025-01-20,instagram,reel,2491,17787,20463,20463,0,False
P02380,C066,CR0242,2024-12-28,instagram,reel,45,177,183,183,0,False
P02381,C066,CR0242,2024-12-29,instagram,carousel,29,183,234,234,0,False
P02382,C066,CR0242,2025-01-06,instagram,reel,27,108,208,208,0,False
P02383,C066,CR0253,2025-01-04,instagram,reel,5333,18909,18909,18909,0,False
P02384,C066,CR0253,2025-01-11,instagram,reel,6789,24934,27549,27549,0,False
P02385,C066,CR0253,2025-01-12,instagram,carousel,12176,27725,33706,33706,0,False
P02386,C066,CR0253,2025-01-23,instagram,reel,7559,36651,36651,36651,0,False
P02387,C066,CR0253,2025-01-26,instagram,carousel,8717,20646,20646,20646,0,False
P02388,C066,CR0266,2025-01-17,instagram,reel,807,1507,2096,2096,0,True
P02389,C066,CR0272,2025-01-16,instagram,carousel,1043,7379,12168,12168,0,False
P02390,C066,CR0272,2025-01-20,instagram,carousel,691,2329,2612,2612,0,False
P02391,C066,CR0300,2025-01-28,instagram,carousel,31,53,53,53,0,False
P02392,C066,CR0332,2025-01-21,instagram,carousel,2567,22642,35996,35996,0,False
P02393,C066,CR0332,2025-01-25,instagram,carousel,3122,4835,4835,4835,0,False
P02394,C066,CR0335,2025-01-01,instagram,carousel,48,197,253,253,0,False
P02395,C066,CR0335,2025-01-13,instagram,carousel,52,182,512,512,0,False
P02396,C066,CR0335,2025-01-17,instagram,carousel,27,266,830,830,0,False
P02397,C066,CR0341,2025-01-29,instagram,carousel,6770,6770,6770,6770,0,False
P02398,C066,CR0362,2024-12-24,instagram,carousel,23,72,73,73,0,False
P02399,C066,CR0362,2024-12-31,instagram,carousel,16,51,61,61,0,False
P02400,C066,CR0362,2025-01-07,instagram,carousel,25,349,815,815,0,False
P02401,C066,CR0362,2025-01-09,instagram,carousel,38,378,466,466,0,False
P02402,C066,CR0362,2025-01-11,instagram,reel,23,123,145,145,0,False
P02403,C066,CR0381,2025-01-16,instagram,carousel,38,255,306,306,0,False
P02404,C066,CR0381,2025-01-19,instagram,carousel,55,241,388,388,0,False
P02405,C066,CR0388,2024-12-25,instagram,carousel,125,1350,2005,2049,0,False
P02406,C066,CR0410,2025-01-04,instagram,reel,124,1147,4767,4767,0,False
P02407,C066,CR0433,2025-01-18,instagram,reel,707,1388,1790,1790,0,True
P02408,C066,CR0433,2025-01-20,instagram,carousel,859,1778,1911,1911,0,True
P02409,C066,CR0460,2024-12-28,instagram,carousel,855,7122,8563,8565,0,False
P02410,C066,CR0460,2025-01-01,instagram,carousel,1302,6548,6548,6548,0,False
P02411,C066,CR0460,2025-01-26,instagram,carousel,1570,7199,7199,7199,0,False
P02412,C066,CR0474,2025-01-21,instagram,reel,337,3033,3033,3033,0,False
P02413,C066,CR0475,2025-01-28,instagram,carousel,273,423,423,423,0,False
P02414,C066,CR0485,2024-12-24,instagram,reel,102,354,390,390,0,False
P02415,C066,CR0485,2024-12-30,instagram,carousel,87,239,369,369,0,False
P02416,C066,CR0485,2025-01-05,instagram,carousel,86,907,1207,1207,0,False
P02417,C066,CR0485,2025-01-13,instagram,carousel,89,237,272,272,0,False
P02418,C067,CR0130,2025-01-07,youtube,long_form,61,333,413,413,0,False
P02419,C067,CR0138,2025-01-04,youtube,long_form,8155,50060,62301,62301,7700,False
P02420,C067,CR0138,2025-01-08,youtube,long_form,5746,40066,58765,58765,7700,False
P02421,C067,CR0138,2025-01-09,youtube,short,8038,178391,208418,208418,7700,False
P02422,C067,CR0156,2025-01-13,youtube,short,19,105,105,105,0,False
P02423,C067,CR0286,2025-01-16,youtube,long_form,7303,19761,19761,19761,1500,False
P02424,C067,CR0286,2025-01-18,youtube,long_form,2665,4561,4561,4561,300,False
P02425,C067,CR0287,2025-01-13,youtube,long_form,35,111,111,111,0,False
P02426,C067,CR0396,2025-01-04,youtube,long_form,74,1027,1718,1718,100,False
P02427,C067,CR0430,2025-01-15,youtube,long_form,597,1839,1839,1839,100,False
P02428,C067,CR0490,2025-01-10,youtube,long_form,97,408,408,408,0,False
P02429,C067,CR0490,2025-01-14,youtube,long_form,86,699,699,699,100,False
P02430,C068,CR0012,2025-01-29,instagram,carousel,74,777,1236,1236,300,False
P02431,C068,CR0012,2025-02-07,instagram,carousel,69,764,1593,1593,300,False
P02432,C068,CR0012,2025-02-08,instagram,reel,77,278,387,387,100,False
P02433,C068,CR0012,2025-02-21,instagram,carousel,111,550,550,550,100,True
P02434,C068,CR0019,2025-02-17,instagram,carousel,124,439,449,449,100,False
P02435,C068,CR0022,2025-01-30,instagram,carousel,59,444,735,735,100,False
P02436,C068,CR0037,2025-02-21,instagram,carousel,37,70,70,70,0,False
P02437,C068,CR0038,2025-02-05,instagram,carousel,10095,31087,37020,37020,300,False
P02438,C068,CR0038,2025-02-14,instagram,reel,6517,22933,39339,39339,300,False
P02439,C068,CR0053,2025-01-26,instagram,reel,59,622,1043,1043,300,False
P02440,C068,CR0094,2025-02-14,instagram,reel,35,120,120,120,0,False
P02441,C068,CR0094,2025-02-15,instagram,reel,27,139,205,205,0,False
P02442,C068,CR0101,2025-02-24,instagram,carousel,11,11,11,11,0,False
P02443,C068,CR0125,2025-02-21,instagram,carousel,46,107,107,107,0,False
P02444,C068,CR0132,2025-02-23,instagram,carousel,80,96,96,96,0,True
P02445,C068,CR0134,2025-02-22,instagram,reel,80,178,178,178,0,False
P02446,C068,CR0139,2025-02-01,instagram,carousel,23,338,555,555,100,False
P02447,C068,CR0139,2025-02-20,instagram,carousel,23,48,48,48,0,False
P02448,C068,CR0145,2025-01-26,instagram,reel,5935,18766,19265,19265,300,False
P02449,C068,CR0151,2025-02-10,instagram,carousel,24,85,103,103,0,False
P02450,C068,CR0151,2025-02-11,instagram,carousel,36,384,538,538,100,False
P02451,C068,CR0151,2025-02-18,instagram,reel,28,102,102,102,0,False
P02452,C068,CR0163,2025-02-14,instagram,carousel,269,1124,1140,1140,300,False
P02453,C068,CR0192,2025-02-15,instagram,reel,3414,12420,13051,13051,300,False
P02454,C068,CR0217,2025-02-06,instagram,carousel,26,83,88,88,0,False
P02455,C068,CR0217,2025-02-17,instagram,carousel,2454,5450,5582,5582,300,True
P02456,C068,CR0218,2025-02-13,instagram,carousel,31,100,118,118,0,False
P02457,C068,CR0218,2025-02-15,instagram,reel,43,170,191,191,0,False
P02458,C068,CR0241,2025-02-11,instagram,carousel,28,189,244,244,0,False
P02459,C068,CR0241,2025-02-17,instagram,carousel,33,96,97,97,0,False
P02460,C068,CR0259,2025-02-24,instagram,reel,8,8,8,8,0,False
P02461,C068,CR0278,2025-02-16,instagram,carousel,7989,32801,34434,34434,300,False
P02462,C068,CR0278,2025-02-20,instagram,carousel,16681,48938,48938,48938,300,False
P02463,C068,CR0289,2025-02-04,instagram,reel,257,834,1359,1359,300,False
P02464,C068,CR0289,2025-02-05,instagram,carousel,265,1274,1629,1629,300,False
P02465,C068,CR0289,2025-02-22,instagram,reel,245,400,400,400,100,False
P02466,C068,CR0289,2025-02-23,instagram,carousel,229,310,310,310,100,False
P02467,C068,CR0321,2025-02-19,instagram,carousel,46,227,227,227,0,False
P02468,C068,CR0332,2025-01-28,instagram,reel,3244,31881,41145,41145,300,True
P02469,C068,CR0332,2025-02-08,instagram,carousel,18887,41393,47951,47951,300,False
P02470,C068,CR0332,2025-02-12,instagram,carousel,3458,114000,159267,159267,300,True
P02471,C068,CR0341,2025-02-05,instagram,carousel,3674,38898,548892,548892,300,False
P02472,C068,CR0342,2025-02-11,instagram,reel,4738,84879,94899,94899,300,True
P02473,C068,CR0342,2025-02-17,instagram,carousel,11101,44068,44429,44429,300,False
P02474,C068,CR0342,2025-02-20,instagram,reel,3398,12638,12638,12638,300,False
P02475,C068,CR0348,2025-02-11,instagram,reel,73,258,413,413,100,False
P02476,C068,CR0348,2025-02-17,instagram,carousel,37,197,198,198,0,False
P02477,C068,CR0348,2025-02-19,instagram,reel,45,129,129,129,0,False
P02478,C068,CR0356,2025-01-28,instagram,carousel,880,3855,13387,13387,300,False
P02479,C068,CR0358,2025-01-31,instagram,reel,67,348,402,402,100,False
P02480,C068,CR0358,2025-02-02,instagram,reel,66,201,201,201,0,False
P02481,C068,CR0378,2025-01-31,instagram,carousel,81,273,328,328,100,False
P02482,C068,CR0378,2025-02-04,instagram,carousel,61,196,196,196,0,False
P02483,C068,CR0380,2025-02-01,instagram,reel,558,1853,2211,2211,300,False
P02484,C068,CR0380,2025-02-20,instagram,reel,789,2092,2092,2092,300,False
P02485,C068,CR0400,2025-02-14,instagram,carousel,487,4957,6069,6069,300,False
P02486,C068,CR0405,2025-01-31,instagram,reel,398,1834,2584,2584,300,False
P02487,C068,CR0405,2025-02-20,instagram,reel,673,1472,1472,1472,300,False
P02488,C068,CR0405,2025-02-21,instagram,reel,616,1897,1897,1897,300,False
P02489,C068,CR0406,2025-02-09,instagram,reel,119,489,598,598,100,False
P02490,C068,CR0425,2025-02-20,instagram,reel,808,2619,2619,2619,300,False
P02491,C068,CR0439,2025-02-04,instagram,carousel,43,289,299,299,100,False
P02492,C068,CR0439,2025-02-06,instagram,carousel,28,542,836,836,100,True
P02493,C068,CR0445,2025-02-15,instagram,carousel,1024,7190,10811,10811,300,False
P02494,C068,CR0445,2025-02-24,instagram,carousel,863,863,863,863,100,False
P02495,C068,CR0474,2025-02-18,instagram,carousel,428,2055,2055,2055,300,False
P02496,C068,CR0489,2025-02-11,instagram,carousel,2544,13533,16602,16602,300,False
P02497,C069,CR0025,2025-02-14,youtube,long_form,106,455,524,524,200,False
P02498,C069,CR0025,2025-02-23,youtube,long_form,143,432,591,591,200,False
P02499,C069,CR0029,2025-02-26,youtube,long_form,8,26,37,37,0,False
P02500,C069,CR0062,2025-02-09,youtube,short,13410,25737,29984,29986,200,True
P02501,C069,CR0062,2025-02-12,youtube,long_form,8008,20097,21560,21560,200,False
P02502,C069,CR0062,2025-02-24,youtube,long_form,534,19746,24709,24709,200,True
P02503,C069,CR0062,2025-03-02,youtube,long_form,794,2103,2103,2103,200,False
P02504,C069,CR0084,2025-02-20,youtube,long_form,49,239,300,300,100,False
P02505,C069,CR0084,2025-03-11,youtube,long_form,14,14,14,14,0,False
P02506,C069,CR0185,2025-03-04,youtube,long_form,19,74,81,81,0,False
P02507,C069,CR0185,2025-03-05,youtube,long_form,11,243,243,243,100,False
P02508,C069,CR0185,2025-03-08,youtube,long_form,18,55,55,55,0,False
P02509,C069,CR0204,2025-02-08,youtube,short,22,100,170,170,100,False
P02510,C069,CR0260,2025-02-04,youtube,long_form,309,1179,1338,1338,200,False
P02511,C069,CR0260,2025-02-26,youtube,long_form,112,597,685,685,200,False
P02512,C069,CR0285,2025-02-18,youtube,long_form,36,121,155,155,100,False
P02513,C069,CR0285,2025-03-07,youtube,short,11,40,40,40,0,False
P02514,C069,CR0294,2025-03-07,youtube,long_form,7,58,58,58,0,False
P02515,C069,CR0294,2025-03-09,youtube,long_form,5,12,12,12,0,False
P02516,C069,CR0295,2025-03-08,youtube,long_form,644,2441,2441,2441,200,False
P02517,C069,CR0325,2025-02-18,youtube,long_form,27,83,85,85,0,False
P02518,C069,CR0366,2025-02-17,youtube,long_form,95,298,302,302,100,False
P02519,C069,CR0402,2025-02-25,youtube,long_form,22,102,124,124,100,False
P02520,C069,CR0402,2025-02-28,youtube,short,10,34,96,96,0,False
P02521,C069,CR0402,2025-03-07,youtube,short,13,40,40,40,0,False
P02522,C069,CR0423,2025-02-23,youtube,short,22,45,66,66,0,True
P02523,C069,CR0452,2025-03-01,youtube,short,420,1675,1744,1744,200,False
P02524,C069,CR0472,2025-01-31,youtube,long_form,3953,14364,30076,30076,200,False
P02525,C069,CR0472,2025-02-03,youtube,short,5253,22828,23739,23739,200,False
P02526,C069,CR0472,2025-02-27,youtube,short,1204,2667,2906,2906,200,False
P02527,C069,CR0494,2025-03-01,youtube,long_form,38,90,106,106,100,False
P02528,C070,CR0048,2025-02-25,youtube,long_form,2,2,2,2,0,False
P02529,C070,CR0201,2025-02-24,youtube,long_form,2,4,4,4,0,False
P02530,C070,CR0236,2025-02-14,youtube,long_form,23,115,123,123,0,False
P02531,C070,CR0236,2025-02-20,youtube,long_form,199,358,358,358,0,False
P02532,C070,CR0237,2025-02-24,youtube,long_form,4,7,7,7,0,False
P02533,C070,CR0352,2025-02-20,youtube,short,10,37,37,37,0,False
P02534,C070,CR0361,2025-02-17,youtube,short,142,462,474,474,0,False
P02535,C070,CR0361,2025-02-18,youtube,long_form,206,464,467,467,0,False
P02536,C070,CR0376,2025-02-17,youtube,long_form,700,3111,3236,3236,0,False
P02537,C070,CR0437,2025-02-12,youtube,short,8,35,42,42,0,False
P02538,C070,CR0437,2025-02-17,youtube,long_form,11,66,68,68,0,False
P02539,C070,CR0483,2025-02-14,youtube,long_form,2243,6845,7072,7072,0,False
P02540,C070,CR0483,2025-02-17,youtube,long_form,2286,8788,9022,9022,0,False
P02541,C070,CR0487,2025-02-20,youtube,long_form,33,238,238,238,0,False
P02542,C071,CR0005,2025-02-27,instagram,carousel,7,69,89,89,0,False
P02543,C071,CR0005,2025-03-06,instagram,reel,8,66,79,79,0,False
P02544,C071,CR0015,2025-02-24,instagram,carousel,8,42,42,42,0,False
P02545,C071,CR0015,2025-02-26,instagram,carousel,19,58,77,77,0,False
P02546,C071,CR0020,2025-03-09,instagram,reel,10,50,50,50,0,False
P02547,C071,CR0039,2025-02-27,instagram,carousel,436,2634,3513,3513,0,False
P02548,C071,CR0039,2025-03-10,instagram,carousel,293,1168,1168,1168,0,False
P02549,C071,CR0047,2025-02-26,instagram,carousel,21,266,612,612,0,False
P02550,C071,CR0047,2025-02-28,instagram,carousel,13,146,301,301,0,False
P02551,C071,CR0069,2025-03-03,instagram,reel,153,967,1290,1290,0,False
P02552,C071,CR0075,2025-03-01,instagram,carousel,20,83,160,160,0,False
P02553,C071,CR0076,2025-02-19,instagram,carousel,10904,40986,99356,99356,0,False
P02554,C071,CR0076,2025-02-24,instagram,carousel,3690,11608,12773,12773,0,False
P02555,C071,CR0078,2025-02-28,instagram,carousel,3034,9259,10145,10145,0,False
P02556,C071,CR0078,2025-03-09,instagram,carousel,2794,8610,8610,8610,0,False
P02557,C071,CR0078,2025-03-11,instagram,carousel,2582,5726,5726,5726,0,False
P02558,C071,CR0086,2025-03-02,instagram,carousel,57,267,476,476,0,False
P02559,C071,CR0125,2025-02-27,instagram,carousel,12,87,87,87,0,False
P02560,C071,CR0125,2025-03-01,instagram,carousel,21,303,379,379,0,False
P02561,C071,CR0125,2025-03-02,instagram,reel,12,45,46,46,0,False
P02562,C071,CR0132,2025-02-20,instagram,reel,113,352,505,505,0,False
P02563,C071,CR0141,2025-02-25,instagram,carousel,55,418,418,418,0,False
P02564,C071,CR0141,2025-02-28,instagram,carousel,60,199,217,217,0,False
P02565,C071,CR0171,2025-02-22,instagram,reel,81,625,664,664,0,True
P02566,C071,CR0171,2025-02-27,instagram,carousel,28,365,435,435,0,False
P02567,C071,CR0171,2025-03-03,instagram,reel,38,304,327,327,0,False
P02568,C071,CR0171,2025-03-11,instagram,reel,18,34,34,34,0,False
P02569,C071,CR0217,2025-03-09,instagram,carousel,12,32,32,32,0,False
P02570,C071,CR0220,2025-02-22,instagram,carousel,1273,2647,2663,2663,0,False
P02571,C071,CR0220,2025-02-27,instagram,reel,270,2066,3452,3452,0,False
P02572,C071,CR0220,2025-03-02,instagram,reel,238,810,810,810,0,False
P02573,C071,CR0227,2025-02-28,instagram,carousel,121,1671,2079,2079,0,False
P02574,C071,CR0227,2025-03-02,instagram,reel,117,387,454,454,0,False
P02575,C071,CR0239,2025-02-23,instagram,carousel,223,481,521,521,0,False
P02576,C071,CR0246,2025-02-23,instagram,reel,764,3582,5807,5807,0,False
P02577,C071,CR0246,2025-02-25,instagram,reel,245,1619,3184,3184,0,False
P02578,C071,CR0273,2025-03-03,instagram,carousel,6870,77624,104260,104260,49500,False
P02579,C071,CR0273,2025-03-09,instagram,carousel,8362,28408,28408,28408,0,False
P02580,C071,CR0281,2025-03-06,instagram,carousel,133,1242,1398,1398,0,False
P02581,C071,CR0282,2025-02-21,instagram,carousel,82,416,856,856,0,False
P02582,C071,CR0282,2025-02-22,instagram,reel,65,215,215,215,0,True
P02583,C071,CR0282,2025-03-02,instagram,reel,20,226,462,462,0,False
P02584,C071,CR0296,2025-03-06,instagram,reel,12,131,169,169,0,False
P02585,C071,CR0296,2025-03-13,instagram,carousel,8,8,8,8,0,False
P02586,C071,CR0312,2025-03-05,instagram,carousel,7,46,55,55,0,False
P02587,C071,CR0324,2025-03-02,instagram,reel,1465,4678,5343,5343,0,False
P02588,C071,CR0324,2025-03-11,instagram,reel,816,2567,2567,2567,0,False
P02589,C071,CR0357,2025-03-10,instagram,reel,660,2019,2019,2019,0,False
P02590,C071,CR0367,2025-03-01,instagram,reel,8,31,35,35,0,False
P02591,C071,CR0368,2025-03-12,instagram,carousel,33,57,57,57,0,False
P02592,C071,CR0373,2025-02-25,instagram,carousel,10,110,138,138,0,False
P02593,C071,CR0393,2025-03-05,instagram,carousel,631,6126,7959,7959,0,False
P02594,C071,CR0395,2025-02-23,instagram,carousel,88,155,158,158,0,False
P02595,C071,CR0395,2025-02-24,instagram,reel,38,339,1193,1193,0,False
P02596,C071,CR0395,2025-02-25,instagram,carousel,19,249,520,520,0,False
P02597,C071,CR0395,2025-02-26,instagram,carousel,24,109,109,109,0,False
P02598,C071,CR0409,2025-02-28,instagram,reel,2643,5766,5889,5889,0,False
P02599,C071,CR0409,2025-03-03,instagram,reel,4924,15947,21218,21218,0,False
P02600,C071,CR0409,2025-03-04,instagram,carousel,2138,6726,7601,7601,0,False
P02601,C071,CR0432,2025-03-10,instagram,carousel,44,383,383,383,0,False
P02602,C071,CR0432,2025-03-12,instagram,carousel,25,67,67,67,0,False
P02603,C071,CR0439,2025-02-22,instagram,reel,42,206,216,216,0,True
P02604,C071,CR0439,2025-02-26,instagram,carousel,38,72,77,77,0,False
P02605,C071,CR0439,2025-02-27,instagram,carousel,30,83,116,116,0,False
P02606,C071,CR0439,2025-03-09,instagram,reel,11,82,82,82,0,False
P02607,C071,CR0449,2025-03-10,instagram,carousel,21,375,375,375,0,False
P02608,C071,CR0451,2025-03-12,instagram,reel,164,281,281,281,0,False
P02609,C071,CR0475,2025-03-07,instagram,reel,68,274,274,274,0,False
P02610,C072,CR0025,2025-03-03,youtube,short,45,253,401,401,0,False
P02611,C072,CR0025,2025-03-08,youtube,long_form,40,124,134,134,0,False
P02612,C072,CR0025,2025-03-09,youtube,long_form,49,342,373,373,0,False
P02613,C072,CR0025,2025-03-12,youtube,short,39,332,332,332,0,False
P02614,C072,CR0033,2025-03-07,youtube,long_form,18,54,68,68,0,False
P02615,C072,CR0041,2025-02-26,youtube,short,136,263,274,274,0,False
P02616,C072,CR0041,2025-03-12,youtube,long_form,171,334,334,334,0,False
P02617,C072,CR0051,2025-03-02,youtube,long_form,1219,2456,2456,2456,0,False
P02618,C072,CR0087,2025-03-10,youtube,long_form,12,29,30,30,0,False
P02619,C072,CR0097,2025-02-22,youtube,short,3302,7989,8878,8878,0,False
P02620,C072,CR0097,2025-03-01,youtube,long_form,1090,3245,13787,13787,0,False
P02621,C072,CR0097,2025-03-07,youtube,long_form,1171,5360,6189,6189,0,False
P02622,C072,CR0116,2025-03-14,youtube,long_form,4,17,17,17,0,False
P02623,C072,CR0117,2025-03-05,youtube,long_form,8,65,81,81,0,False
P02624,C072,CR0155,2025-03-05,youtube,long_form,13,109,111,111,0,False
P02625,C072,CR0167,2025-03-01,youtube,long_form,13,61,100,100,0,False
P02626,C072,CR0229,2025-03-09,youtube,long_form,158,771,942,942,0,False
P02627,C072,CR0229,2025-03-10,youtube,long_form,169,510,550,550,0,False
P02628,C072,CR0276,2025-02-26,youtube,short,9,30,35,35,0,False
P02629,C072,CR0287,2025-02-24,youtube,long_form,7,121,155,155,0,True
P02630,C072,CR0320,2025-03-08,youtube,long_form,22,92,97,97,0,False
P02631,C072,CR0320,2025-03-11,youtube,long_form,20,279,279,279,0,False
P02632,C072,CR0320,2025-03-12,youtube,long_form,27,110,110,110,0,False
P02633,C072,CR0331,2025-03-01,youtube,long_form,30,104,116,116,0,False
P02634,C072,CR0331,2025-03-10,youtube,short,20,431,431,431,0,False
P02635,C072,CR0338,2025-02-28,youtube,long_form,4,11,12,12,0,False
P02636,C072,CR0338,2025-03-01,youtube,short,5,16,16,16,0,False
P02637,C072,CR0340,2025-02-26,youtube,short,38,162,213,213,0,False
P02638,C072,CR0340,2025-03-03,youtube,long_form,32,176,237,237,0,False
P02639,C072,CR0340,2025-03-13,youtube,long_form,28,99,99,99,0,False
P02640,C072,CR0408,2025-03-10,youtube,short,613,2766,2936,2936,0,False
P02641,C072,CR0437,2025-03-09,youtube,long_form,12,181,266,266,0,False
P02642,C072,CR0472,2025-03-02,youtube,short,805,2818,3325,3325,0,False
P02643,C072,CR0472,2025-03-10,youtube,long_form,1250,10543,14125,14125,0,False
P02644,C072,CR0472,2025-03-11,youtube,long_form,977,6459,6459,6459,0,False
P02645,C073,CR0001,2025-02-24,instagram,reel,38,83,88,88,0,False
P02646,C073,CR0011,2025-03-05,instagram,carousel,16,30,30,30,0,False
P02647,C073,CR0011,2025-03-07,instagram,reel,27,194,763,763,0,False
P02648,C073,CR0011,2025-03-11,instagram,carousel,15,66,111,111,0,False
P02649,C073,CR0035,2025-02-24,instagram,carousel,45,227,1086,1100,0,False
P02650,C073,CR0035,2025-03-01,instagram,carousel,52,205,300,300,0,False
P02651,C073,CR0035,2025-03-15,instagram,reel,91,347,347,347,0,False
P02652,C073,CR0053,2025-03-05,instagram,reel,30,79,94,94,0,False
P02653,C073,CR0053,2025-03-11,instagram,carousel,46,621,977,977,0,False
P02654,C073,CR0053,2025-03-26,instagram,reel,43,790,1364,1364,0,False
P02655,C073,CR0059,2025-03-23,instagram,carousel,34,250,464,464,0,False
P02656,C073,CR0059,2025-04-02,instagram,reel,64,259,259,259,0,False
P02657,C073,CR0076,2025-03-02,instagram,carousel,6275,30574,87963,89953,4700,False
P02658,C073,CR0076,2025-03-13,instagram,carousel,4550,8415,8415,8415,0,False
P02659,C073,CR0099,2025-03-13,instagram,carousel,185,753,1428,1428,0,False
P02660,C073,CR0099,2025-03-16,instagram,carousel,278,1061,1328,1328,0,False
P02661,C073,CR0099,2025-03-26,instagram,carousel,160,586,859,859,0,False
P02662,C073,CR0104,2025-03-07,instagram,carousel,2834,23623,32588,32597,0,False
P02663,C073,CR0106,2025-03-18,instagram,carousel,74,394,481,481,0,False
P02664,C073,CR0120,2025-03-19,instagram,carousel,403,1927,2703,2703,0,False
P02665,C073,CR0132,2025-02-24,instagram,carousel,4512,7330,9132,9132,0,True
P02666,C073,CR0149,2025-03-29,instagram,reel,69,468,640,640,0,False
P02667,C073,CR0164,2025-03-31,instagram,carousel,923,2875,2875,2875,0,False
P02668,C073,CR0165,2025-03-11,instagram,carousel,61,717,2001,2001,0,False
P02669,C073,CR0165,2025-03-13,instagram,carousel,38,89,92,92,0,False
P02670,C073,CR0178,2025-03-09,instagram,reel,1147,15903,22257,22257,0,False
P02671,C073,CR0178,2025-03-23,instagram,reel,1449,7094,8610,8610,0,False
P02672,C073,CR0178,2025-04-03,instagram,carousel,1149,2961,2961,2961,0,False
P02673,C073,CR0192,2025-04-03,instagram,carousel,1163,4116,4116,4116,0,False
P02674,C073,CR0220,2025-03-15,instagram,carousel,779,3272,3556,3556,0,False
P02675,C073,CR0220,2025-03-29,instagram,carousel,576,3712,5103,5103,0,False
P02676,C073,CR0266,2025-03-16,instagram,carousel,52,165,222,222,0,False
P02677,C073,CR0297,2025-04-05,instagram,reel,598,1023,1023,1023,0,False
P02678,C073,CR0432,2025-03-07,instagram,reel,39,189,262,262,0,False
P02679,C073,CR0451,2025-03-21,instagram,carousel,313,1519,26048,26048,0,False
P02680,C073,CR0451,2025-04-05,instagram,carousel,267,705,705,705,0,False
P02681,C073,CR0462,2025-02-27,instagram,carousel,2332,18637,96909,97958,4700,False
P02682,C073,CR0462,2025-03-15,instagram,reel,1589,9261,30492,30492,0,False
P02683,C074,CR0041,2025-03-12,youtube,long_form,79,593,669,669,0,True
P02684,C074,CR0041,2025-03-15,youtube,long_form,61,323,386,386,0,False
P02685,C074,CR0051,2025-04-02,youtube,long_form,2092,18304,18304,18304,2600,False
P02686,C074,CR0066,2025-03-24,youtube,long_form,64,1310,1585,1585,0,False
P02687,C074,CR0068,2025-03-24,youtube,long_form,49,214,263,263,0,False
P02688,C074,CR0068,2025-03-29,youtube,short,49,189,189,189,0,False
P02689,C074,CR0082,2025-03-02,youtube,long_form,14,74,126,126,0,False
P02690,C074,CR0111,2025-03-16,youtube,short,226,2684,4710,4710,700,False
P02691,C074,CR0111,2025-03-31,youtube,short,175,939,939,939,0,False
P02692,C074,CR0115,2025-03-04,youtube,long_form,25,538,2803,2803,700,False
P02693,C074,CR0119,2025-03-12,youtube,short,5,25,25,25,0,False
P02694,C074,CR0119,2025-03-22,youtube,long_form,7,27,35,35,0,False
P02695,C074,CR0119,2025-03-31,youtube,short,8,32,32,32,0,False
P02696,C074,CR0148,2025-04-02,youtube,long_form,480,1274,1274,1274,0,False
P02697,C074,CR0150,2025-02-24,youtube,long_form,45,160,304,325,0,False
P02698,C074,CR0180,2025-03-20,youtube,short,56,453,808,808,0,False
P02699,C074,CR0180,2025-03-24,youtube,long_form,86,700,1348,1348,0,False
P02700,C074,CR0180,2025-03-25,youtube,long_form,65,138,138,138,0,False
P02701,C074,CR0189,2025-03-09,youtube,short,9,64,88,88,0,False
P02702,C074,CR0189,2025-03-15,youtube,short,14,36,37,37,0,False
P02703,C074,CR0189,2025-03-20,youtube,short,11,29,49,49,0,False
P02704,C074,CR0209,2025-03-10,youtube,long_form,24,63,78,78,0,False
P02705,C074,CR0209,2025-03-19,youtube,long_form,44,197,239,239,0,False
P02706,C074,CR0237,2025-03-16,youtube,long_form,118,208,251,251,0,True
P02707,C074,CR0237,2025-04-03,youtube,long_form,43,81,81,81,0,False
P02708,C074,CR0265,2025-03-03,youtube,short,7,73,87,87,0,True
P02709,C074,CR0269,2025-02-25,youtube,short,74,260,520,520,0,False
P02710,C074,CR0269,2025-03-07,youtube,short,69,430,1451,1451,0,False
P02711,C074,CR0269,2025-03-09,youtube,short,84,418,432,432,0,False
P02712,C074,CR0269,2025-03-10,youtube,long_form,44,465,1048,1048,0,False
P02713,C074,CR0287,2025-03-12,youtube,long_form,12,37,56,56,0,False
P02714,C074,CR0287,2025-03-14,youtube,long_form,19,91,105,105,0,False
P02715,C074,CR0287,2025-03-24,youtube,long_form,23,108,135,135,0,False
P02716,C074,CR0287,2025-04-03,youtube,short,15,30,30,30,0,False
P02717,C074,CR0319,2025-03-14,youtube,short,25,110,169,169,0,False
P02718,C074,CR0319,2025-03-15,youtube,long_form,33,1635,4705,4705,700,False
P02719,C074,CR0319,2025-03-18,youtube,short,25,121,457,457,0,False
P02720,C074,CR0396,2025-02-23,youtube,short,96,168,347,384,0,True
P02721,C074,CR0402,2025-03-02,youtube,long_form,29,113,192,192,0,False
P02722,C074,CR0420,2025-03-04,youtube,short,21,339,339,339,0,False
P02723,C074,CR0420,2025-03-09,youtube,long_form,23,363,1840,1840,0,False
P02724,C074,CR0420,2025-03-11,youtube,short,26,91,150,150,0,False
P02725,C074,CR0420,2025-03-12,youtube,short,18,36,36,36,0,False
P02726,C074,CR0426,2025-03-15,youtube,long_form,21,196,232,232,0,False
P02727,C074,CR0426,2025-03-16,youtube,short,20,184,205,205,0,False
P02728,C074,CR0426,2025-04-04,youtube,long_form,27,27,27,27,0,False
P02729,C074,CR0486,2025-03-19,youtube,long_form,601,1324,1503,1503,0,False
P02730,C075,CR0048,2025-04-13,youtube,short,2,39,41,41,0,False
P02731,C075,CR0049,2025-03-31,youtube,short,2,41,46,46,0,False
P02732,C075,CR0083,2025-04-20,youtube,long_form,3,13,13,13,0,False
P02733,C075,CR0315,2025-04-09,youtube,long_form,2,17,22,22,0,False
P02734,C075,CR0315,2025-04-17,youtube,short,1,6,7,7,0,False
P02735,C075,CR0346,2025-04-14,youtube,short,48,292,323,323,0,False
P02736,C075,CR0470,2025-03-26,youtube,long_form,14,49,49,49,0,False
P02737,C075,CR0470,2025-04-01,youtube,short,10,38,126,126,0,False
P02738,C075,CR0470,2025-04-13,youtube,long_form,12,33,33,33,0,False
P02739,C075,CR0472,2025-04-05,youtube,short,469,1696,1798,1798,100,False
P02740,C076,CR0050,2025-04-09,instagram,carousel,29,157,157,157,0,False
P02741,C076,CR0166,2025-04-12,instagram,reel,2,3,3,3,0,False
P02742,C076,CR0193,2025-03-27,instagram,reel,67,435,825,825,100,False
P02743,C076,CR0193,2025-03-30,instagram,carousel,54,682,1369,1369,200,False
P02744,C076,CR0220,2025-04-04,instagram,carousel,154,1414,2306,2306,200,False
P02745,C076,CR0220,2025-04-12,instagram,carousel,92,157,157,157,0,False
P02746,C076,CR0293,2025-04-10,instagram,carousel,6,25,25,25,0,False
P02747,C076,CR0300,2025-03-25,instagram,reel,5,26,32,32,0,False
P02748,C076,CR0356,2025-04-03,instagram,reel,108,340,366,366,100,False
P02749,C076,CR0360,2025-04-09,instagram,carousel,28,130,130,130,0,False
P02750,C076,CR0367,2025-04-13,instagram,carousel,16,16,16,16,0,False
P02751,C076,CR0410,2025-04-06,instagram,carousel,9,24,25,25,0,False
P02752,C076,CR0432,2025-03-31,instagram,carousel,11,44,47,47,0,False
P02753,C076,CR0440,2025-03-26,instagram,carousel,6,77,101,101,0,True
P02754,C076,CR0445,2025-04-03,instagram,reel,122,539,863,863,100,False
P02755,C076,CR0485,2025-04-08,instagram,reel,16,49,49,49,0,False
P02756,C077,CR0035,2025-04-08,instagram,carousel,45,133,133,133,0,False
P02757,C077,CR0069,2025-03-30,instagram,reel,242,1469,4806,4806,0,False
P02758,C077,CR0074,2025-03-30,instagram,reel,210,676,720,720,0,False
P02759,C077,CR0085,2025-04-03,instagram,reel,1164,5938,5938,5938,300,False
P02760,C077,CR0085,2025-04-05,instagram,carousel,1077,5330,6057,6057,300,False
P02761,C077,CR0132,2025-04-16,instagram,carousel,110,110,110,110,0,False
P02762,C077,CR0196,2025-04-03,instagram,reel,158,535,546,546,0,False
P02763,C077,CR0196,2025-04-13,instagram,carousel,115,382,382,382,0,False
P02764,C077,CR0264,2025-04-10,instagram,carousel,20,109,109,109,0,False
P02765,C077,CR0321,2025-04-16,instagram,reel,17,17,17,17,0,False
P02766,C077,CR0339,2025-04-07,instagram,reel,1222,2277,2563,2563,0,False
P02767,C077,CR0364,2025-04-01,instagram,reel,9,39,56,56,0,False
P02768,C077,CR0364,2025-04-14,instagram,carousel,10,28,28,28,0,False
P02769,C077,CR0364,2025-04-16,instagram,carousel,8,8,8,8,0,False
P02770,C077,CR0385,2025-04-11,instagram,carousel,9,20,20,20,0,False
P02771,C077,CR0385,2025-04-13,instagram,carousel,8,31,31,31,0,False
P02772,C077,CR0400,2025-04-12,instagram,carousel,128,809,809,809,0,False
P02773,C078,CR0010,2025-04-16,instagram,carousel,340,7083,8159,8159,0,False
P02774,C078,CR0015,2025-04-23,instagram,reel,16,25,25,25,0,False
P02775,C078,CR0015,2025-04-24,instagram,carousel,14,14,14,14,0,False
P02776,C078,CR0055,2025-04-05,instagram,carousel,184,764,788,788,0,False
P02777,C078,CR0055,2025-04-11,instagram,carousel,117,493,493,493,0,False
P02778,C078,CR0069,2025-04-13,instagram,carousel,191,911,1187,1187,0,False
P02779,C078,CR0071,2025-04-16,instagram,carousel,14,79,84,84,0,False
P02780,C078,CR0071,2025-04-19,instagram,carousel,9,26,26,26,0,False
P02781,C078,CR0071,2025-04-20,instagram,reel,15,43,43,43,0,False
P02782,C078,CR0078,2025-03-31,instagram,carousel,4159,31852,283283,283283,18000,False
P02783,C078,CR0078,2025-04-04,instagram,carousel,1801,5975,6781,6781,0,False
P02784,C078,CR0081,2025-04-01,instagram,reel,19,122,259,259,0,False
P02785,C078,CR0102,2025-04-06,instagram,reel,3223,21166,23304,23304,0,False
P02786,C078,CR0106,2025-04-21,instagram,carousel,24,96,96,96,0,False
P02787,C078,CR0106,2025-04-23,instagram,carousel,30,51,51,51,0,False
P02788,C078,CR0110,2025-04-22,instagram,carousel,12,31,31,31,0,False
P02789,C078,CR0127,2025-04-22,instagram,carousel,2697,5981,5981,5981,0,False
P02790,C078,CR0132,2025-04-20,instagram,reel,44,96,96,96,0,False
P02791,C078,CR0140,2025-04-15,instagram,carousel,175,1681,1720,1720,0,False
P02792,C078,CR0140,2025-04-16,instagram,reel,172,1453,1918,1918,0,False
P02793,C078,CR0157,2025-04-21,instagram,reel,97,538,538,538,0,False
P02794,C078,CR0161,2025-04-07,instagram,carousel,45,235,755,755,0,False
P02795,C078,CR0161,2025-04-12,instagram,reel,92,521,854,854,0,False
P02796,C078,CR0161,2025-04-15,instagram,reel,88,400,432,432,0,False
P02797,C078,CR0165,2025-04-15,instagram,reel,21,74,102,102,0,False
P02798,C078,CR0181,2025-04-06,instagram,reel,3992,6182,6182,6182,0,False
P02799,C078,CR0227,2025-04-15,instagram,reel,69,417,543,543,0,False
P02800,C078,CR0227,2025-04-18,instagram,reel,116,2513,2513,2513,0,False
P02801,C078,CR0238,2025-03-31,instagram,carousel,7,23,46,46,0,False
P02802,C078,CR0238,2025-04-02,instagram,carousel,16,44,47,47,0,False
P02803,C078,CR0246,2025-04-09,instagram,reel,188,664,887,887,0,False
P02804,C078,CR0263,2025-04-02,instagram,carousel,3566,12016,14259,14259,0,False
P02805,C078,CR0273,2025-04-16,instagram,reel,8391,425688,489444,489444,18000,True
P02806,C078,CR0280,2025-03-31,instagram,carousel,1617,5470,8961,8961,0,False
P02807,C078,CR0284,2025-04-09,instagram,carousel,518,1884,2501,2501,0,False
P02808,C078,CR0284,2025-04-22,instagram,reel,828,3077,3077,3077,0,False
P02809,C078,CR0293,2025-04-05,instagram,carousel,12,40,53,53,0,False
P02810,C078,CR0297,2025-04-07,instagram,reel,716,1804,1909,1909,0,False
P02811,C078,CR0297,2025-04-18,instagram,reel,951,1825,1825,1825,0,True
P02812,C078,CR0304,2025-04-04,instagram,carousel,14,135,751,751,0,False
P02813,C078,CR0304,2025-04-09,instagram,carousel,7,31,44,44,0,False
P02814,C078,CR0304,2025-04-11,instagram,reel,6,86,143,143,0,False
P02815,C078,CR0304,2025-04-16,instagram,carousel,9,26,26,26,0,False
P02816,C078,CR0312,2025-04-20,instagram,carousel,6,46,46,46,0,False
P02817,C078,CR0326,2025-04-09,instagram,carousel,4787,40653,49295,49295,0,False
P02818,C078,CR0343,2025-04-19,instagram,carousel,9,110,110,110,0,False
P02819,C078,CR0343,2025-04-21,instagram,carousel,6,26,26,26,0,False
P02820,C078,CR0473,2025-04-08,instagram,carousel,7,39,106,106,0,False
P02821,C078,CR0473,2025-04-22,instagram,reel,7,13,13,13,0,False
P02822,C079,CR0033,2025-04-11,youtube,short,28,197,241,241,0,False
P02823,C079,CR0033,2025-04-18,youtube,short,35,188,188,188,0,False
P02824,C079,CR0080,2025-04-11,youtube,short,9,30,30,30,0,False
P02825,C079,CR0080,2025-04-17,youtube,long_form,4,16,16,16,0,False
P02826,C079,CR0137,2025-04-19,youtube,short,22,43,43,43,0,False
P02827,C079,CR0180,2025-04-11,youtube,short,75,229,229,229,0,False
P02828,C079,CR0189,2025-04-18,youtube,short,7,13,13,13,0,False
P02829,C079,CR0314,2025-04-12,youtube,short,139,425,446,446,0,False
P02830,C079,CR0314,2025-04-13,youtube,long_form,246,1711,2230,2230,100,False
P02831,C079,CR0363,2025-04-15,youtube,long_form,15,43,43,43,0,False
P02832,C079,CR0428,2025-04-12,youtube,long_form,17,147,169,169,0,False
P02833,C079,CR0480,2025-04-17,youtube,long_form,21,94,94,94,0,False
P02834,C079,CR0480,2025-04-20,youtube,long_form,36,36,36,36,0,False
P02835,C080,CR0025,2025-05-11,youtube,short,151,460,472,472,0,False
P02836,C080,CR0025,2025-05-16,youtube,short,121,321,321,321,0,False
P02837,C080,CR0203,2025-05-01,youtube,short,394,1329,1915,1915,0,False
P02838,C080,CR0203,2025-05-12,youtube,short,572,5141,5765,5765,400,False
P02839,C080,CR0204,2025-04-28,youtube,long_form,14,72,93,93,0,False
P02840,C080,CR0204,2025-05-04,youtube,long_form,16,159,218,218,0,False
P02841,C080,CR0204,2025-05-14,youtube,long_form,14,115,129,129,0,False
P02842,C080,CR0213,2025-05-09,youtube,long_form,17,344,492,492,0,False
P02843,C080,CR0268,2025-04-22,youtube,short,7,77,445,445,0,False
P02844,C080,CR0268,2025-05-02,youtube,long_form,31,289,491,491,0,False
P02845,C080,CR0287,2025-04-17,youtube,long_form,12,78,207,207,0,False
P02846,C080,CR0334,2025-04-25,youtube,short,44,227,305,305,0,False
P02847,C080,CR0334,2025-04-27,youtube,long_form,46,214,267,267,0,False
P02848,C080,CR0376,2025-05-11,youtube,long_form,658,3814,4292,4292,0,False
P02849,C080,CR0435,2025-04-23,youtube,long_form,13,402,1435,1435,0,False
P02850,C080,CR0444,2025-04-16,youtube,long_form,5,19,19,19,0,False
P02851,C080,CR0444,2025-04-28,youtube,long_form,16,103,183,183,0,False
P02852,C080,CR0456,2025-04-27,youtube,long_form,78,225,248,248,0,False
P02853,C080,CR0456,2025-04-30,youtube,short,42,504,757,757,0,False
P02854,C080,CR0456,2025-05-01,youtube,long_form,40,136,136,136,0,False
P02855,C080,CR0456,2025-05-02,youtube,long_form,63,762,1295,1295,0,False
P02856,C080,CR0490,2025-05-01,youtube,short,97,479,559,559,0,False
P02857,C081,CR0004,2025-05-18,youtube,long_form,36,141,160,160,0,False
P02858,C081,CR0004,2025-05-21,youtube,long_form,25,118,118,118,0,False
P02859,C081,CR0062,2025-05-11,youtube,short,1706,5207,5532,5532,300,False
P02860,C081,CR0062,2025-05-19,youtube,short,2382,9570,9925,9925,300,False
P02861,C081,CR0080,2025-05-24,youtube,long_form,16,41,41,41,0,False
P02862,C081,CR0084,2025-05-08,youtube,short,36,200,200,200,0,False
P02863,C081,CR0138,2025-05-11,youtube,long_form,8086,1038033,1115240,1115240,300,True
P02864,C081,CR0138,2025-05-12,youtube,short,5999,352413,455716,455716,300,True
P02865,C081,CR0138,2025-05-13,youtube,short,6918,123476,129748,129748,300,True
P02866,C081,CR0138,2025-05-22,youtube,short,4888,30327,30327,30327,300,False
P02867,C081,CR0212,2025-05-13,youtube,short,18,88,211,211,0,False
P02868,C081,CR0212,2025-05-18,youtube,short,21,47,48,48,0,False
P02869,C081,CR0212,2025-05-27,youtube,long_form,16,16,16,16,0,False
P02870,C081,CR0317,2025-05-23,youtube,long_form,1490,3221,3221,3221,100,False
P02871,C081,CR0363,2025-05-22,youtube,long_form,22,134,134,134,0,False
P02872,C081,CR0452,2025-05-11,youtube,short,1089,2740,2948,2948,100,False
P02873,C081,CR0459,2025-05-24,youtube,long_form,54,166,166,166,0,False
P02874,C081,CR0459,2025-05-25,youtube,short,61,157,157,157,0,False
P02875,C081,CR0469,2025-05-17,youtube,long_form,3381,40811,45818,45818,300,False
P02876,C082,CR0012,2025-05-28,instagram,carousel,78,309,319,319,0,False
P02877,C082,CR0012,2025-06-03,instagram,reel,86,147,147,147,0,False
P02878,C082,CR0016,2025-05-23,instagram,carousel,30,94,111,111,0,False
P02879,C082,CR0016,2025-05-28,instagram,carousel,68,238,253,253,0,False
P02880,C082,CR0016,2025-06-02,instagram,carousel,42,93,93,93,0,False
P02881,C082,CR0016,2025-06-04,instagram,carousel,34,34,34,34,0,False
P02882,C082,CR0039,2025-05-05,instagram,reel,1767,10510,17804,17806,0,False
P02883,C082,CR0039,2025-05-14,instagram,carousel,1494,4839,6589,6589,0,False
P02884,C082,CR0081,2025-05-24,instagram,carousel,83,536,727,727,0,False
P02885,C082,CR0126,2025-05-23,instagram,reel,1535,12017,15179,15179,0,False
P02886,C082,CR0131,2025-05-19,instagram,carousel,58,791,900,900,0,True
P02887,C082,CR0131,2025-05-24,instagram,carousel,69,1111,1186,1186,0,True
P02888,C082,CR0139,2025-05-05,instagram,reel,36,132,234,234,0,False
P02889,C082,CR0163,2025-05-29,instagram,carousel,307,965,965,965,0,False
P02890,C082,CR0164,2025-05-17,instagram,carousel,1457,12943,53825,53825,5100,False
P02891,C082,CR0164,2025-06-01,instagram,reel,844,2175,2175,2175,0,False
P02892,C082,CR0165,2025-06-02,instagram,carousel,131,975,975,975,0,False
P02893,C082,CR0181,2025-05-25,instagram,reel,9106,31726,33464,33464,0,False
P02894,C082,CR0191,2025-06-02,instagram,carousel,122,271,271,271,0,False
P02895,C082,CR0208,2025-05-16,instagram,reel,74,497,1086,1086,0,False
P02896,C082,CR0208,2025-05-28,instagram,carousel,75,253,256,256,0,False
P02897,C082,CR0208,2025-06-01,instagram,carousel,70,180,180,180,0,False
P02898,C082,CR0225,2025-05-02,instagram,carousel,47,178,362,369,0,False
P02899,C082,CR0225,2025-05-27,instagram,reel,56,356,422,422,0,False
P02900,C082,CR0225,2025-05-29,instagram,carousel,51,164,164,164,0,False
P02901,C082,CR0234,2025-05-10,instagram,carousel,21220,97161,125650,125650,5100,False
P02902,C082,CR0234,2025-05-25,instagram,reel,18717,47105,48911,48911,0,False
P02903,C082,CR0234,2025-06-02,instagram,carousel,13993,40529,40529,40529,0,False
P02904,C082,CR0242,2025-05-09,instagram,carousel,30,97,2376,2376,0,False
P02905,C082,CR0242,2025-05-30,instagram,carousel,24,53,53,53,0,False
P02906,C082,CR0279,2025-05-14,instagram,carousel,51,233,244,244,0,False
P02907,C082,CR0299,2025-05-02,instagram,reel,373,2011,2241,2241,0,False
P02908,C082,CR0299,2025-05-08,instagram,reel,510,3328,4760,4760,0,False
P02909,C082,CR0335,2025-05-07,instagram,carousel,33,112,221,221,0,False
P02910,C082,CR0335,2025-05-19,instagram,reel,53,184,369,369,0,False
P02911,C082,CR0335,2025-05-22,instagram,carousel,29,235,259,259,0,False
P02912,C082,CR0339,2025-05-02,instagram,carousel,1317,15612,19296,19296,0,False
P02913,C082,CR0344,2025-05-04,instagram,carousel,9999,92815,232536,232543,5100,False
P02914,C082,CR0344,2025-05-18,instagram,carousel,8606,71752,92820,92820,5100,False
P02915,C082,CR0348,2025-04-30,instagram,carousel,94,271,271,271,0,False
P02916,C082,CR0348,2025-05-04,instagram,carousel,50,193,228,228,0,False
P02917,C082,CR0348,2025-05-10,instagram,carousel,110,346,431,431,0,False
P02918,C082,CR0348,2025-05-12,instagram,reel,50,145,145,145,0,False
P02919,C082,CR0348,2025-05-29,instagram,carousel,58,182,182,182,0,False
P02920,C082,CR0348,2025-05-31,instagram,reel,98,278,278,278,0,False
P02921,C082,CR0362,2025-05-11,instagram,carousel,31,94,107,107,0,False
P02922,C082,CR0362,2025-05-14,instagram,reel,34,145,145,145,0,False
P02923,C082,CR0421,2025-05-02,instagram,carousel,2085,10177,10177,10177,0,False
P02924,C082,CR0429,2025-06-04,instagram,carousel,7894,7894,7894,7894,0,False
P02925,C082,CR0443,2025-05-25,instagram,carousel,2255,13138,15867,15867,0,False
P02926,C082,CR0476,2025-06-01,instagram,reel,20,150,150,150,0,False
P02927,C082,CR0488,2025-05-18,instagram,carousel,47,138,183,183,0,False
P02928,C083,CR0003,2025-06-03,instagram,reel,438,2158,3861,3861,0,False
P02929,C083,CR0005,2025-05-19,instagram,reel,33,131,135,135,0,False
P02930,C083,CR0005,2025-05-20,instagram,carousel,64,115,115,115,0,False
P02931,C083,CR0015,2025-05-11,instagram,carousel,52,690,751,751,0,True
P02932,C083,CR0016,2025-05-04,instagram,reel,27,247,276,276,0,False
P02933,C083,CR0016,2025-05-09,instagram,reel,35,111,122,122,0,False
P02934,C083,CR0035,2025-05-09,instagram,reel,95,147,147,147,0,False
P02935,C083,CR0035,2025-05-15,instagram,carousel,124,396,501,501,0,False
P02936,C083,CR0035,2025-05-16,instagram,carousel,107,570,7568,7568,0,False
P02937,C083,CR0035,2025-05-28,instagram,reel,112,311,311,311,0,False
P02938,C083,CR0037,2025-05-06,instagram,carousel,50,424,449,449,0,True
P02939,C083,CR0037,2025-05-09,instagram,carousel,603,1184,1380,1380,0,True
P02940,C083,CR0037,2025-05-22,instagram,carousel,47,141,179,179,0,False
P02941,C083,CR0037,2025-06-05,instagram,carousel,256,568,655,655,0,False
P02942,C083,CR0059,2025-06-06,instagram,carousel,61,467,518,518,0,False
P02943,C083,CR0059,2025-06-12,instagram,carousel,86,169,169,169,0,False
P02944,C083,CR0071,2025-05-25,instagram,carousel,51,200,772,772,0,False
P02945,C083,CR0075,2025-05-13,instagram,reel,62,115,115,115,0,False
P02946,C083,CR0075,2025-05-26,instagram,reel,69,253,528,528,0,False
P02947,C083,CR0075,2025-06-08,instagram,carousel,71,281,281,281,0,False
P02948,C083,CR0075,2025-06-12,instagram,carousel,69,118,118,118,0,False
P02949,C083,CR0124,2025-06-08,instagram,reel,9165,33516,33516,33516,0,False
P02950,C083,CR0125,2025-05-18,instagram,carousel,54,280,280,280,0,False
P02951,C083,CR0125,2025-05-22,instagram,carousel,40,124,165,165,0,False
P02952,C083,CR0132,2025-05-30,instagram,carousel,613,1093,1108,1108,0,True
P02953,C083,CR0132,2025-06-09,instagram,reel,66,1134,1134,1134,0,False
P02954,C083,CR0139,2025-05-07,instagram,carousel,15,777,1062,1062,0,True
P02955,C083,CR0139,2025-05-17,instagram,carousel,465,942,1138,1138,0,True
P02956,C083,CR0139,2025-05-24,instagram,carousel,86,176,176,176,0,False
P02957,C083,CR0164,2025-05-27,instagram,carousel,1150,5627,9353,9353,0,False
P02958,C083,CR0164,2025-06-10,instagram,carousel,1012,3449,3449,3449,0,False
P02959,C083,CR0164,2025-06-11,instagram,carousel,1014,2249,2249,2249,0,False
P02960,C083,CR0170,2025-05-25,instagram,carousel,22,115,285,285,0,False
P02961,C083,CR0171,2025-05-25,instagram,carousel,150,470,600,600,0,False
P02962,C083,CR0181,2025-06-09,instagram,carousel,9164,46726,46726,46726,0,False
P02963,C083,CR0214,2025-06-01,instagram,reel,189,387,416,416,0,False
P02964,C083,CR0220,2025-05-12,instagram,carousel,886,3770,7702,7708,0,False
P02965,C083,CR0220,2025-05-13,instagram,carousel,1027,8537,11600,11600,0,False
P02966,C083,CR0220,2025-05-15,instagram,carousel,1097,3620,5718,5718,0,False
P02967,C083,CR0220,2025-05-31,instagram,reel,817,2712,3667,3667,0,False
P02968,C083,CR0220,2025-06-01,instagram,reel,652,2900,3485,3485,0,False
P02969,C083,CR0220,2025-06-11,instagram,carousel,1275,4010,4010,4010,0,False
P02970,C083,CR0225,2025-05-02,instagram,reel,71,354,485,485,0,False
P02971,C083,CR0225,2025-05-07,instagram,reel,84,266,401,401,0,False
P02972,C083,CR0238,2025-05-19,instagram,reel,31,107,173,173,0,False
P02973,C083,CR0267,2025-05-26,instagram,carousel,9654,38107,51200,51200,27100,False
P02974,C083,CR0273,2025-05-29,instagram,carousel,22587,127508,187452,187452,27100,False
P02975,C083,CR0274,2025-05-21,instagram,carousel,419,2732,8225,8225,0,False
P02976,C083,CR0290,2025-05-28,instagram,reel,835,3904,7506,7506,0,False
P02977,C083,CR0290,2025-06-03,instagram,carousel,694,2317,2476,2476,0,False
P02978,C083,CR0297,2025-05-27,instagram,carousel,741,16559,18932,18932,0,False
P02979,C083,CR0304,2025-06-05,instagram,carousel,22,107,118,118,0,False
P02980,C083,CR0313,2025-05-25,instagram,reel,51,616,1819,1819,0,False
P02981,C083,CR0332,2025-05-21,instagram,reel,2904,9607,11388,11388,0,False
P02982,C083,CR0332,2025-05-24,instagram,carousel,3312,20130,45050,45050,0,False
P02983,C083,CR0341,2025-05-16,instagram,carousel,4102,35436,68325,68325,27100,False
P02984,C083,CR0341,2025-05-17,instagram,carousel,3691,52119,449626,449626,108600,False
P02985,C083,CR0341,2025-05-23,instagram,reel,5053,40140,45120,45120,0,False
P02986,C083,CR0341,2025-06-01,instagram,carousel,5916,26138,56479,56479,27100,False
P02987,C083,CR0341,2025-06-13,instagram,carousel,3301,3301,3301,3301,0,False
P02988,C083,CR0362,2025-05-22,instagram,carousel,20,169,1074,1074,0,False
P02989,C083,CR0362,2025-06-04,instagram,carousel,24,117,133,133,0,False
P02990,C083,CR0362,2025-06-08,instagram,reel,35,119,119,119,0,False
P02991,C083,CR0368,2025-06-13,instagram,carousel,94,94,94,94,0,False
P02992,C083,CR0375,2025-06-01,instagram,carousel,14,196,215,215,0,False
P02993,C083,CR0421,2025-05-07,instagram,carousel,1060,5486,8121,8121,0,False
P02994,C083,CR0421,2025-05-08,instagram,carousel,1318,4267,5174,5174,0,False
P02995,C083,CR0421,2025-05-09,instagram,reel,1466,18492,31755,32080,0,False
P02996,C083,CR0421,2025-05-19,instagram,carousel,1238,4038,4038,4038,0,False
P02997,C083,CR0425,2025-05-26,instagram,carousel,953,7025,13580,13580,0,False
P02998,C083,CR0438,2025-05-25,instagram,reel,1536,11478,17658,17658,0,False
P02999,C083,CR0446,2025-05-11,instagram,carousel,21,67,85,85,0,False
P03000,C083,CR0446,2025-05-12,instagram,carousel,28,168,254,254,0,False
P03001,C083,CR0447,2025-05-17,instagram,carousel,17963,72158,94016,94016,27100,False
P03002,C083,CR0447,2025-05-18,instagram,reel,17924,96777,110664,110664,27100,False
P03003,C083,CR0492,2025-05-09,instagram,reel,43,141,172,172,0,False
P03004,C084,CR0029,2025-05-06,youtube,long_form,20,63,63,63,0,False
P03005,C084,CR0033,2025-05-09,youtube,long_form,80,148,148,148,0,False
P03006,C084,CR0041,2025-05-09,youtube,long_form,193,558,558,558,0,False
P03007,C084,CR0043,2025-05-11,youtube,short,506,506,506,506,0,False
P03008,C084,CR0062,2025-05-11,youtube,short,1301,1301,1301,1301,0,False
P03009,C084,CR0065,2025-05-09,youtube,long_form,115,297,297,297,0,False
P03010,C084,CR0080,2025-05-06,youtube,long_form,13,75,75,75,0,False
P03011,C084,CR0080,2025-05-09,youtube,long_form,19,55,55,55,0,False
P03012,C084,CR0248,2025-05-08,youtube,long_form,162,916,916,916,0,False
P03013,C084,CR0251,2025-05-07,youtube,short,35,100,100,100,0,False
P03014,C084,CR0265,2025-05-05,youtube,short,16,128,128,128,0,False
P03015,C084,CR0268,2025-05-03,youtube,short,53,452,649,649,0,False
P03016,C084,CR0268,2025-05-06,youtube,long_form,36,301,301,301,0,False
P03017,C084,CR0270,2025-05-06,youtube,short,42,426,426,426,0,False
P03018,C084,CR0306,2025-05-03,youtube,short,438,1855,1855,1855,0,False
P03019,C084,CR0418,2025-05-03,youtube,long_form,186,567,567,567,0,False
P03020,C084,CR0418,2025-05-05,youtube,long_form,273,699,699,699,0,False
P03021,C084,CR0479,2025-05-06,youtube,long_form,98,374,374,374,0,False
P03022,C084,CR0481,2025-05-03,youtube,short,3691,28630,32637,32637,0,False
P03023,C084,CR0484,2025-05-03,youtube,long_form,2933,38084,88677,88677,5600,False
P03024,C085,CR0040,2025-05-23,youtube,short,366,3020,3937,3937,500,False
P03025,C085,CR0088,2025-05-16,youtube,long_form,423,1377,1562,1562,300,False
P03026,C085,CR0097,2025-06-03,youtube,long_form,7567,7567,7567,7567,1300,False
P03027,C085,CR0137,2025-05-12,youtube,short,34,256,430,430,100,False
P03028,C085,CR0137,2025-05-14,youtube,long_form,37,299,510,510,100,False
P03029,C085,CR0137,2025-05-15,youtube,long_form,21,49,61,61,0,False
P03030,C085,CR0137,2025-05-18,youtube,short,47,113,121,121,0,False
P03031,C085,CR0148,2025-05-19,youtube,long_form,1002,3153,3536,3536,500,False
P03032,C085,CR0173,2025-05-13,youtube,long_form,321,1136,1150,1150,300,False
P03033,C085,CR0173,2025-05-15,youtube,short,245,1044,1154,1154,300,False
P03034,C085,CR0173,2025-05-20,youtube,long_form,205,604,954,954,100,False
P03035,C085,CR0176,2025-05-27,youtube,short,726,4688,4886,4886,500,False
P03036,C085,CR0180,2025-05-14,youtube,short,115,365,372,372,100,False
P03037,C085,CR0180,2025-05-25,youtube,long_form,209,678,753,753,100,False
P03038,C085,CR0185,2025-05-19,youtube,short,55,300,311,311,100,False
P03039,C085,CR0194,2025-05-12,youtube,long_form,7607,23929,26219,26219,1300,False
P03040,C085,CR0194,2025-05-16,youtube,short,6774,15422,16850,16850,1300,False
P03041,C085,CR0204,2025-06-02,youtube,long_form,20,44,44,44,0,False
P03042,C085,CR0219,2025-05-16,youtube,long_form,73,257,321,321,100,False
P03043,C085,CR0219,2025-05-20,youtube,long_form,46,144,176,176,0,False
P03044,C085,CR0251,2025-05-18,youtube,short,27,110,140,140,0,False
P03045,C085,CR0251,2025-05-19,youtube,long_form,16,69,75,75,0,False
P03046,C085,CR0251,2025-05-31,youtube,short,38,135,135,135,0,False
P03047,C085,CR0260,2025-05-23,youtube,short,300,1472,1842,1842,300,False
P03048,C085,CR0260,2025-05-24,youtube,long_form,361,1585,1900,1900,300,False
P03049,C085,CR0265,2025-05-13,youtube,short,27,79,79,79,0,False
P03050,C085,CR0265,2025-05-15,youtube,short,18,129,402,402,100,False
P03051,C085,CR0265,2025-06-03,youtube,long_form,18,18,18,18,0,False
P03052,C085,CR0295,2025-05-23,youtube,short,1989,6596,8431,8431,1300,False
P03053,C085,CR0298,2025-05-14,youtube,short,32,112,116,116,0,False
P03054,C085,CR0306,2025-06-03,youtube,long_form,372,372,372,372,100,False
P03055,C085,CR0366,2025-05-22,youtube,long_form,145,2285,3642,3642,500,False
P03056,C085,CR0386,2025-05-20,youtube,short,1134,4510,12458,12458,1300,False
P03057,C085,CR0386,2025-05-23,youtube,long_form,3984,9028,9028,9028,1300,False
P03058,C085,CR0452,2025-05-15,youtube,long_form,1698,15513,55113,55113,1300,False
P03059,C085,CR0452,2025-05-21,youtube,short,989,7953,8945,8945,1300,False
P03060,C086,CR0049,2025-06-20,youtube,short,41,99,99,99,0,False
P03061,C086,CR0049,2025-07-03,youtube,short,12,24,24,24,0,False
P03062,C086,CR0073,2025-06-08,youtube,short,12732,57664,66082,66082,400,False
P03063,C086,CR0073,2025-06-13,youtube,short,9034,42523,44044,44044,400,False
P03064,C086,CR0073,2025-06-26,youtube,short,3471,34047,44734,44734,400,False
P03065,C086,CR0093,2025-05-31,youtube,long_form,831,1830,2641,2646,200,False
P03066,C086,CR0093,2025-06-12,youtube,short,3950,8343,8655,8655,400,True
P03067,C086,CR0148,2025-06-16,youtube,long_form,4154,13067,14583,14583,400,False
P03068,C086,CR0167,2025-06-25,youtube,long_form,89,219,301,301,0,False
P03069,C086,CR0167,2025-06-28,youtube,short,22,277,277,277,0,False
P03070,C086,CR0167,2025-06-30,youtube,long_form,16,131,131,131,0,False
P03071,C086,CR0204,2025-06-20,youtube,long_form,51,128,162,162,0,False
P03072,C086,CR0204,2025-07-01,youtube,short,9,34,34,34,0,False
P03073,C086,CR0336,2025-06-21,youtube,long_form,5701,13097,13097,13097,400,False
P03074,C086,CR0338,2025-06-13,youtube,short,22,63,68,68,0,False
P03075,C086,CR0338,2025-06-21,youtube,short,31,121,147,147,0,False
P03076,C086,CR0366,2025-06-28,youtube,short,41,288,288,288,0,False
P03077,C086,CR0366,2025-07-04,youtube,long_form,62,62,62,62,0,False
P03078,C086,CR0459,2025-05-25,youtube,long_form,96,1498,2789,2803,200,True
P03079,C086,CR0459,2025-06-14,youtube,long_form,403,928,993,993,0,False
P03080,C086,CR0459,2025-06-25,youtube,short,19,526,633,633,0,True
P03081,C086,CR0478,2025-06-01,youtube,long_form,159,1345,1931,1931,0,False
P03082,C086,CR0478,2025-06-04,youtube,long_form,243,776,831,831,0,False
P03083,C087,CR0004,2025-07-08,youtube,short,18,18,18,18,0,False
P03084,C087,CR0028,2025-07-02,youtube,long_form,15,46,46,46,0,False
P03085,C087,CR0028,2025-07-05,youtube,short,13,34,34,34,0,False
P03086,C087,CR0048,2025-06-07,youtube,long_form,56,1319,1914,1914,300,False
P03087,C087,CR0062,2025-07-01,youtube,long_form,1114,3046,3387,3387,300,False
P03088,C087,CR0062,2025-07-07,youtube,short,953,2118,2118,2118,300,False
P03089,C087,CR0083,2025-06-20,youtube,short,33,100,113,113,100,False
P03090,C087,CR0117,2025-06-25,youtube,short,17,52,57,57,0,False
P03091,C087,CR0172,2025-06-23,youtube,long_form,97,219,256,256,200,False
P03092,C087,CR0189,2025-06-20,youtube,short,53,214,245,245,100,False
P03093,C087,CR0248,2025-06-13,youtube,short,150,1795,1903,1903,300,True
P03094,C087,CR0248,2025-07-03,youtube,long_form,113,256,256,256,200,False
P03095,C087,CR0265,2025-07-08,youtube,long_form,22,22,22,22,0,False
P03096,C087,CR0319,2025-06-18,youtube,short,55,606,1125,1125,300,False
P03097,C087,CR0329,2025-07-04,youtube,long_form,21,156,156,156,100,False
P03098,C087,CR0361,2025-07-01,youtube,short,19,76,92,92,0,False
P03099,C087,CR0376,2025-06-05,youtube,short,2458,120045,627372,627372,300,False
P03100,C087,CR0376,2025-06-10,youtube,long_form,2745,17864,25728,25728,300,False
P03101,C087,CR0376,2025-06-23,youtube,short,1745,4125,8427,8427,300,True
P03102,C087,CR0376,2025-06-27,youtube,short,656,9264,17878,17878,300,False
P03103,C087,CR0386,2025-06-13,youtube,short,1591,12718,14380,14380,300,False
P03104,C087,CR0386,2025-06-16,youtube,short,1362,6045,11795,11795,300,False
P03105,C087,CR0386,2025-06-18,youtube,long_form,1664,9217,9384,9384,300,False
P03106,C087,CR0386,2025-06-25,youtube,long_form,1068,12539,26312,26312,300,False
P03107,C087,CR0469,2025-06-03,youtube,long_form,3027,13858,37130,39410,300,False
P03108,C087,CR0486,2025-06-15,youtube,long_form,2379,8643,13715,13715,300,False
P03109,C087,CR0486,2025-07-07,youtube,long_form,527,1171,1171,1171,300,False
P03110,C087,CR0496,2025-07-05,youtube,short,359,1332,1332,1332,300,False
P03111,C088,CR0018,2025-06-09,instagram,carousel,704,1090,1090,1090,300,False
P03112,C088,CR0018,2025-06-22,instagram,carousel,725,3460,3852,3852,300,False
P03113,C088,CR0024,2025-06-21,instagram,carousel,49,123,126,126,0,False
P03114,C088,CR0024,2025-06-27,instagram,carousel,11,58,58,58,0,False
P03115,C088,CR0030,2025-06-05,instagram,reel,53,499,1159,1159,300,False
P03116,C088,CR0054,2025-06-23,instagram,reel,853,2421,3152,3152,300,True
P03117,C088,CR0054,2025-07-02,instagram,reel,282,282,282,282,0,False
P03118,C088,CR0069,2025-06-12,instagram,reel,1244,1926,1926,1926,300,False
P03119,C088,CR0069,2025-06-28,instagram,carousel,386,2093,2093,2093,300,False
P03120,C088,CR0079,2025-06-07,instagram,carousel,12729,71721,96875,96875,5400,False
P03121,C088,CR0079,2025-06-17,instagram,carousel,14668,49407,57537,57537,5400,False
P03122,C088,CR0089,2025-06-12,instagram,reel,3811,26052,61966,61966,5400,False
P03123,C088,CR0089,2025-06-19,instagram,carousel,2602,19247,19935,19935,1400,False
P03124,C088,CR0089,2025-06-22,instagram,carousel,1727,3864,4051,4051,300,False
P03125,C088,CR0089,2025-06-28,instagram,reel,762,1604,1604,1604,300,False
P03126,C088,CR0090,2025-07-01,instagram,carousel,14,24,24,24,0,False
P03127,C088,CR0100,2025-06-19,instagram,carousel,106,599,629,629,0,False
P03128,C088,CR0136,2025-07-02,instagram,reel,36,36,36,36,0,False
P03129,C088,CR0145,2025-06-18,instagram,reel,6361,15868,15868,15868,1400,False
P03130,C088,CR0145,2025-06-20,instagram,carousel,4331,14643,14716,14716,1400,False
P03131,C088,CR0145,2025-07-01,instagram,reel,2047,3503,3503,3503,300,False
P03132,C088,CR0161,2025-06-04,instagram,carousel,540,4353,6720,6720,1400,False
P03133,C088,CR0162,2025-06-24,instagram,carousel,119,348,366,366,0,False
P03134,C088,CR0163,2025-06-09,instagram,reel,451,1462,2100,2100,300,False
P03135,C088,CR0163,2025-06-11,instagram,carousel,418,2634,4888,4888,300,False
P03136,C088,CR0179,2025-06-15,instagram,reel,2460,3809,3809,3809,300,False
P03137,C088,CR0192,2025-06-10,instagram,reel,3468,16219,20933,20933,5400,False
P03138,C088,CR0220,2025-06-11,instagram,carousel,3223,9908,10751,10751,1400,False
P03139,C088,CR0253,2025-06-20,instagram,carousel,15722,135904,152348,152348,27100,True
P03140,C088,CR0256,2025-06-20,instagram,carousel,112,335,343,343,0,False
P03141,C088,CR0263,2025-06-29,instagram,reel,6296,37859,37859,37859,5400,False
P03142,C088,CR0264,2025-06-13,instagram,carousel,541,1207,1293,1293,300,False
P03143,C088,CR0264,2025-06-18,instagram,carousel,111,1525,1780,1780,300,True
P03144,C088,CR0278,2025-06-14,instagram,reel,21475,149895,177281,177281,27100,False
P03145,C088,CR0290,2025-06-08,instagram,carousel,2336,12062,14980,14980,1400,False
P03146,C088,CR0290,2025-06-26,instagram,reel,529,1153,1153,1153,300,False
P03147,C088,CR0297,2025-06-20,instagram,carousel,1149,3722,3867,3867,300,False
P03148,C088,CR0297,2025-06-27,instagram,reel,544,1640,1640,1640,300,False
P03149,C088,CR0297,2025-07-02,instagram,reel,411,411,411,411,0,False
P03150,C088,CR0300,2025-06-09,instagram,carousel,90,446,1500,1500,300,False
P03151,C088,CR0318,2025-06-06,instagram,carousel,187,1152,1337,1337,300,False
P03152,C088,CR0318,2025-06-12,instagram,carousel,182,1357,1744,1744,300,False
P03153,C088,CR0318,2025-06-18,instagram,carousel,214,970,1039,1039,300,False
P03154,C088,CR0318,2025-06-26,instagram,reel,93,452,452,452,0,False
P03155,C088,CR0318,2025-06-28,instagram,carousel,78,337,337,337,0,False
P03156,C088,CR0337,2025-06-23,instagram,reel,89,348,518,518,0,False
P03157,C088,CR0348,2025-06-30,instagram,carousel,32,59,59,59,0,False
P03158,C088,CR0356,2025-06-15,instagram,reel,1281,16822,25163,25163,5400,False
P03159,C088,CR0356,2025-06-18,instagram,carousel,1685,9613,11678,11678,1400,False
P03160,C088,CR0356,2025-06-24,instagram,carousel,758,2361,2486,2486,300,False
P03161,C088,CR0360,2025-06-11,instagram,carousel,358,1368,2023,2023,300,False
P03162,C088,CR0360,2025-06-19,instagram,reel,317,5433,7140,7140,1400,True
P03163,C088,CR0360,2025-07-01,instagram,carousel,117,200,200,200,0,False
P03164,C088,CR0364,2025-06-24,instagram,reel,13,54,77,77,0,False
P03165,C088,CR0364,2025-06-29,instagram,carousel,13,34,34,34,0,False
P03166,C088,CR0385,2025-06-14,instagram,carousel,52,163,187,187,0,False
P03167,C088,CR0385,2025-06-18,instagram,carousel,705,1809,1892,1892,300,True
P03168,C088,CR0413,2025-06-25,instagram,carousel,198,1327,1747,1747,300,False
P03169,C088,CR0413,2025-06-29,instagram,carousel,277,1029,1029,1029,300,False
P03170,C088,CR0485,2025-06-28,instagram,carousel,56,247,247,247,0,False
P03171,C088,CR0493,2025-06-19,instagram,carousel,4314,9067,9067,9067,1400,False
P03172,C088,CR0493,2025-06-22,instagram,reel,2267,5156,6018,6018,1400,False
P03173,C088,CR0493,2025-06-27,instagram,carousel,860,4511,4511,4511,300,False
P03174,C088,CR0500,2025-07-02,instagram,reel,62,62,62,62,0,False
P03175,C089,CR0064,2025-06-10,instagram,carousel,1273,2287,2338,2338,0,False
P03176,C089,CR0064,2025-06-26,instagram,carousel,235,448,499,499,0,False
P03177,C089,CR0069,2025-06-29,instagram,reel,95,438,455,455,0,False
P03178,C089,CR0099,2025-06-15,instagram,reel,315,1311,2085,2085,0,False
P03179,C089,CR0103,2025-06-08,instagram,carousel,6638,61224,65356,65356,4100,False
P03180,C089,CR0118,2025-06-24,instagram,carousel,7,19,19,19,0,False
P03181,C089,CR0118,2025-06-30,instagram,carousel,3,24,24,24,0,False
P03182,C089,CR0118,2025-07-06,instagram,reel,3,3,3,3,0,False
P03183,C089,CR0139,2025-06-12,instagram,reel,11,75,78,78,0,False
P03184,C089,CR0162,2025-06-08,instagram,carousel,90,394,563,563,0,False
P03185,C089,CR0183,2025-06-28,instagram,carousel,529,1252,1304,1304,0,False
P03186,C089,CR0205,2025-06-10,instagram,carousel,34,289,365,365,0,False
P03187,C089,CR0205,2025-06-11,instagram,carousel,29,346,383,383,0,False
P03188,C089,CR0205,2025-06-20,instagram,carousel,52,412,530,530,0,False
P03189,C089,CR0205,2025-07-05,instagram,reel,14,24,24,24,0,False
P03190,C089,CR0247,2025-06-24,instagram,reel,1331,6155,6839,6839,400,False
P03191,C089,CR0249,2025-06-15,instagram,reel,20,126,145,145,0,False
P03192,C089,CR0249,2025-06-21,instagram,carousel,360,607,642,642,0,True
P03193,C089,CR0293,2025-07-01,instagram,carousel,19,39,39,39,0,False
P03194,C089,CR0316,2025-06-27,instagram,carousel,69,404,436,436,0,False
P03195,C089,CR0377,2025-06-27,instagram,carousel,101,554,628,628,0,False
P03196,C089,CR0395,2025-07-05,instagram,carousel,13,22,22,22,0,False
P03197,C089,CR0397,2025-06-09,instagram,carousel,39,112,115,115,0,False
P03198,C089,CR0397,2025-06-24,instagram,reel,15,68,123,123,0,False
P03199,C089,CR0421,2025-07-06,instagram,reel,329,329,329,329,0,False
P03200,C089,CR0450,2025-06-12,instagram,reel,735,4766,8275,8275,400,False
P03201,C089,CR0463,2025-06-29,instagram,carousel,52,146,158,158,0,False
P03202,C090,CR0015,2025-06-22,instagram,carousel,47,188,198,198,0,False
P03203,C090,CR0019,2025-06-12,instagram,carousel,64,360,360,360,0,False
P03204,C090,CR0020,2025-06-17,instagram,carousel,45,176,181,181,0,False
P03205,C090,CR0020,2025-06-27,instagram,carousel,15,31,31,31,0,False
P03206,C090,CR0072,2025-06-25,instagram,carousel,57,161,161,161,0,False
P03207,C090,CR0074,2025-06-16,instagram,reel,489,1682,1682,1682,200,False
P03208,C090,CR0092,2025-06-15,instagram,reel,4799,10472,10603,10603,1000,False
P03209,C090,CR0103,2025-06-10,instagram,carousel,13397,71270,108305,108305,1000,False
P03210,C090,CR0106,2025-06-28,instagram,carousel,22,37,37,37,0,False
P03211,C090,CR0127,2025-06-23,instagram,reel,17733,33926,33926,33926,1000,True
P03212,C090,CR0127,2025-06-24,instagram,carousel,6353,16936,16936,16936,1000,False
P03213,C090,CR0147,2025-06-24,instagram,carousel,11,22,22,22,0,False
P03214,C090,CR0157,2025-06-08,instagram,carousel,490,5078,23519,23519,1000,False
P03215,C090,CR0170,2025-06-21,instagram,carousel,33,138,153,153,0,False
P03216,C090,CR0187,2025-06-21,instagram,reel,45,214,223,223,0,False
P03217,C090,CR0192,2025-06-17,instagram,reel,2837,23746,25277,25277,1000,False
P03218,C090,CR0205,2025-06-24,instagram,reel,18,61,61,61,0,False
P03219,C090,CR0255,2025-06-24,instagram,carousel,9,31,31,31,0,False
P03220,C090,CR0290,2025-06-24,instagram,carousel,213,625,625,625,0,False
P03221,C090,CR0296,2025-06-29,instagram,carousel,25,25,25,25,0,False
P03222,C090,CR0316,2025-06-28,instagram,carousel,82,140,140,140,0,False
P03223,C090,CR0324,2025-06-11,instagram,carousel,3021,6087,6087,6087,1000,False
P03224,C090,CR0337,2025-06-22,instagram,carousel,65,163,165,165,0,False
P03225,C090,CR0356,2025-06-19,instagram,carousel,1182,4707,4783,4783,200,False
P03226,C090,CR0356,2025-06-23,instagram,carousel,571,1471,1471,1471,200,False
P03227,C090,CR0360,2025-06-17,instagram,reel,248,2492,2851,2851,200,False
P03228,C090,CR0360,2025-06-22,instagram,carousel,183,363,368,368,0,False
P03229,C090,CR0360,2025-06-25,instagram,carousel,43,125,125,125,0,False
P03230,C090,CR0377,2025-06-18,instagram,carousel,1023,3151,3319,3319,200,False
P03231,C090,CR0379,2025-06-12,instagram,carousel,1501,4722,5245,5245,1000,False
P03232,C090,CR0389,2025-06-28,instagram,reel,9,15,15,15,0,False
P03233,C090,CR0393,2025-06-24,instagram,carousel,519,3154,3154,3154,200,False
P03234,C090,CR0393,2025-06-28,instagram,carousel,530,1042,1042,1042,200,False
P03235,C090,CR0393,2025-06-29,instagram,reel,715,715,715,715,0,False
P03236,C090,CR0394,2025-06-09,instagram,carousel,417,1955,2222,2222,200,False
P03237,C090,CR0394,2025-06-19,instagram,carousel,248,742,783,783,0,False
P03238,C090,CR0410,2025-06-25,instagram,reel,24,85,85,85,0,False
P03239,C090,CR0429,2025-06-25,instagram,carousel,2720,15056,15056,15056,1000,False
P03240,C090,CR0440,2025-06-29,instagram,carousel,20,20,20,20,0,False
P03241,C090,CR0454,2025-06-21,instagram,carousel,19,46,49,49,0,False
P03242,C090,CR0475,2025-06-28,instagram,carousel,53,90,90,90,0,False
P03243,C090,CR0485,2025-06-25,instagram,carousel,31,109,109,109,0,False
P03244,C090,CR0488,2025-06-08,instagram,carousel,34,234,1484,1484,200,False
P03245,C091,CR0040,2025-06-29,youtube,short,81,266,326,326,0,False
P03246,C091,CR0051,2025-06-27,youtube,short,516,1623,1855,1855,0,False
P03247,C091,CR0066,2025-06-13,youtube,long_form,176,1673,3561,3561,0,False
P03248,C091,CR0068,2025-06-27,youtube,long_form,22,99,111,111,0,False
P03249,C091,CR0083,2025-06-28,youtube,short,6,19,29,29,0,False
P03250,C091,CR0083,2025-07-01,youtube,long_form,5,17,17,17,0,False
P03251,C091,CR0176,2025-06-23,youtube,long_form,409,711,791,791,0,False
P03252,C091,CR0189,2025-06-27,youtube,long_form,13,91,131,131,0,False
P03253,C091,CR0251,2025-07-06,youtube,long_form,8,40,40,40,0,False
P03254,C091,CR0317,2025-06-12,youtube,short,388,1117,2099,2099,0,False
P03255,C091,CR0317,2025-06-29,youtube,short,103,1017,1126,1126,0,False
P03256,C091,CR0317,2025-07-05,youtube,long_form,154,483,483,483,0,False
P03257,C091,CR0323,2025-06-22,youtube,short,38,120,164,164,0,False
P03258,C091,CR0351,2025-07-05,youtube,long_form,146,422,422,422,0,False
P03259,C091,CR0396,2025-06-17,youtube,short,34,202,217,217,0,False
P03260,C091,CR0396,2025-06-22,youtube,short,70,171,191,191,0,False
P03261,C091,CR0396,2025-06-28,youtube,short,14,95,99,99,0,False
P03262,C091,CR0441,2025-06-13,youtube,short,34,206,333,333,0,False
P03263,C091,CR0496,2025-06-29,youtube,long_form,71,216,291,291,0,False
P03264,C092,CR0006,2025-06-27,instagram,carousel,20,70,84,84,0,False
P03265,C092,CR0006,2025-07-04,instagram,reel,20,80,82,82,0,False
P03266,C092,CR0100,2025-07-03,instagram,carousel,15,59,88,88,0,False
P03267,C092,CR0106,2025-07-09,instagram,carousel,33,104,104,104,0,False
P03268,C092,CR0112,2025-06-17,instagram,carousel,66,283,729,729,0,False
P03269,C092,CR0125,2025-06-19,instagram,carousel,49,145,153,153,0,False
P03270,C092,CR0131,2025-06-28,instagram,carousel,12,36,59,59,0,False
P03271,C092,CR0131,2025-06-30,instagram,carousel,14,111,182,182,0,False
P03272,C092,CR0142,2025-06-27,instagram,reel,60,193,327,327,0,False
P03273,C092,CR0149,2025-07-07,instagram,carousel,43,269,269,269,0,False
P03274,C092,CR0151,2025-06-21,instagram,carousel,40,126,1033,1033,0,False
P03275,C092,CR0151,2025-07-03,instagram,carousel,18,118,128,128,0,False
P03276,C092,CR0151,2025-07-06,instagram,carousel,9,49,49,49,0,False
P03277,C092,CR0151,2025-07-08,instagram,carousel,7,71,71,71,0,False
P03278,C092,CR0151,2025-07-12,instagram,carousel,7,7,7,7,0,False
P03279,C092,CR0157,2025-07-03,instagram,carousel,163,1247,1898,1898,0,False
P03280,C092,CR0179,2025-07-10,instagram,carousel,700,2963,2963,2963,0,False
P03281,C092,CR0191,2025-06-28,instagram,carousel,31,797,1407,1407,0,False
P03282,C092,CR0191,2025-07-02,instagram,carousel,15,129,171,171,0,False
P03283,C092,CR0206,2025-07-04,instagram,carousel,31,95,95,95,0,False
P03284,C092,CR0218,2025-06-20,instagram,carousel,41,188,259,259,0,False
P03285,C092,CR0218,2025-07-04,instagram,reel,10,49,51,51,0,False
P03286,C092,CR0218,2025-07-10,instagram,carousel,12,36,36,36,0,False
P03287,C092,CR0221,2025-07-05,instagram,reel,37,183,208,208,0,False
P03288,C092,CR0239,2025-06-26,instagram,carousel,32,111,119,119,0,False
P03289,C092,CR0253,2025-06-17,instagram,carousel,8183,51611,60928,60928,3100,False
P03290,C092,CR0253,2025-07-06,instagram,carousel,2080,7634,7634,7634,0,False
P03291,C092,CR0253,2025-07-11,instagram,carousel,1783,2761,2761,2761,0,False
P03292,C092,CR0266,2025-06-26,instagram,carousel,23,192,215,215,0,False
P03293,C092,CR0347,2025-06-17,instagram,carousel,44,133,157,157,0,False
P03294,C092,CR0372,2025-07-02,instagram,carousel,576,12699,17338,17338,0,False
P03295,C092,CR0409,2025-06-27,instagram,carousel,3035,23325,42199,42199,3100,False
P03296,C092,CR0425,2025-07-07,instagram,carousel,3010,5496,5496,5496,0,True
P03297,C092,CR0434,2025-06-21,instagram,carousel,24688,104631,176325,176325,12400,True
P03298,C092,CR0454,2025-06-22,instagram,carousel,24,55,66,66,0,False
P03299,C092,CR0466,2025-07-04,instagram,carousel,7,21,24,24,0,False
P03300,C092,CR0473,2025-07-08,instagram,carousel,9,25,25,25,0,False
P03301,C092,CR0473,2025-07-11,instagram,carousel,6,12,12,12,0,False
P03302,C092,CR0474,2025-07-06,instagram,reel,3264,5877,5877,5877,0,True
P03303,C092,CR0485,2025-06-25,instagram,carousel,35,301,665,665,0,False
P03304,C092,CR0485,2025-06-26,instagram,carousel,23,107,113,113,0,False
P03305,C092,CR0485,2025-06-28,instagram,reel,20,80,105,105,0,False
P03306,C093,CR0084,2025-07-08,youtube,long_form,8,36,36,36,0,False
P03307,C093,CR0084,2025-07-12,youtube,long_form,12,12,12,12,0,False
P03308,C093,CR0130,2025-06-30,youtube,long_form,21,853,960,960,100,True
P03309,C093,CR0167,2025-07-06,youtube,long_form,9,79,79,79,0,False
P03310,C093,CR0175,2025-06-22,youtube,long_form,142,358,433,433,0,False
P03311,C093,CR0175,2025-06-29,youtube,long_form,21,68,70,70,0,False
P03312,C093,CR0175,2025-07-07,youtube,long_form,22,145,145,145,0,False
P03313,C093,CR0175,2025-07-12,youtube,long_form,14,14,14,14,0,False
P03314,C093,CR0185,2025-06-23,youtube,long_form,29,72,78,78,0,False
P03315,C093,CR0203,2025-06-24,youtube,long_form,231,727,968,968,100,False
P03316,C093,CR0203,2025-07-07,youtube,short,252,828,828,828,100,False
P03317,C093,CR0248,2025-07-06,youtube,short,22,74,74,74,0,False
P03318,C093,CR0265,2025-06-19,youtube,short,23,128,173,173,0,False
P03319,C093,CR0314,2025-07-07,youtube,short,103,2169,2169,2169,400,False
P03320,C093,CR0319,2025-06-23,youtube,long_form,54,128,134,134,0,False
P03321,C093,CR0319,2025-06-24,youtube,short,18,107,265,265,0,False
P03322,C093,CR0351,2025-06-25,youtube,short,264,1171,3350,3350,400,False
P03323,C093,CR0351,2025-07-04,youtube,short,138,693,786,786,100,False
P03324,C093,CR0363,2025-07-01,youtube,long_form,10,27,27,27,0,False
P03325,C093,CR0363,2025-07-03,youtube,long_form,5,15,21,21,0,False
P03326,C093,CR0386,2025-06-17,youtube,short,1245,1928,1928,1928,200,False
P03327,C093,CR0423,2025-07-10,youtube,short,5,14,14,14,0,False
P03328,C093,CR0435,2025-07-03,youtube,long_form,14,32,33,33,0,False
P03329,C093,CR0435,2025-07-12,youtube,long_form,18,18,18,18,0,False
P03330,C093,CR0453,2025-06-27,youtube,long_form,13,212,269,269,0,True
P03331,C094,CR0013,2025-06-30,youtube,long_form,32,153,215,215,100,False
P03332,C094,CR0013,2025-07-06,youtube,long_form,48,219,300,300,100,False
P03333,C094,CR0013,2025-07-15,youtube,short,26,164,287,287,100,False
P03334,C094,CR0025,2025-07-10,youtube,long_form,27,2216,2665,2665,600,True
P03335,C094,CR0025,2025-07-19,youtube,long_form,866,1525,1525,1525,300,True
P03336,C094,CR0031,2025-07-15,youtube,short,4,21,33,33,0,True
P03337,C094,CR0041,2025-06-25,youtube,short,40,370,370,370,100,False
P03338,C094,CR0062,2025-07-17,youtube,long_form,576,3363,4666,4666,600,False
P03339,C094,CR0084,2025-06-30,youtube,short,7,28,40,40,0,False
P03340,C094,CR0084,2025-07-09,youtube,long_form,8,24,24,24,0,False
P03341,C094,CR0084,2025-07-11,youtube,long_form,8,54,54,54,0,False
P03342,C094,CR0084,2025-07-14,youtube,short,6,23,30,30,0,False
P03343,C094,CR0172,2025-07-25,youtube,long_form,34,34,34,34,0,False
P03344,C094,CR0265,2025-07-03,youtube,short,4,30,43,43,0,False
P03345,C094,CR0265,2025-07-12,youtube,long_form,6,24,57,57,0,False
P03346,C094,CR0265,2025-07-16,youtube,short,5,26,38,38,0,False
P03347,C094,CR0294,2025-07-04,youtube,long_form,6,27,74,74,0,False
P03348,C094,CR0294,2025-07-24,youtube,short,18,41,41,41,0,False
P03349,C094,CR0331,2025-07-05,youtube,long_form,51,440,523,523,200,False
P03350,C094,CR0331,2025-07-15,youtube,short,17,92,129,129,100,False
P03351,C094,CR0331,2025-07-16,youtube,long_form,31,48,48,48,0,False
P03352,C094,CR0331,2025-07-18,youtube,short,15,266,355,355,100,False
P03353,C094,CR0331,2025-07-23,youtube,short,21,110,110,110,100,False
P03354,C095,CR0138,2025-07-18,youtube,long_form,2098,30951,35850,35850,3800,False
P03355,C095,CR0138,2025-07-30,youtube,long_form,3703,42480,54307,54307,3800,False
P03356,C095,CR0250,2025-07-22,youtube,long_form,1776,35838,51972,51972,3800,False
P03357,C095,CR0254,2025-07-25,youtube,long_form,11934,328504,362863,362863,18800,True
P03358,C095,CR0260,2025-07-23,youtube,long_form,76,1601,1857,1857,0,False
P03359,C095,CR0260,2025-08-09,youtube,short,1136,2517,2517,2517,0,False
P03360,C095,CR0298,2025-08-05,youtube,long_form,326,591,623,623,0,True
P03361,C095,CR0298,2025-08-08,youtube,short,18,57,57,57,0,False
P03362,C095,CR0298,2025-08-13,youtube,short,27,44,44,44,0,False
P03363,C095,CR0301,2025-07-22,youtube,long_form,547,9789,48773,48773,3800,False
P03364,C095,CR0301,2025-08-06,youtube,short,984,2463,2839,2839,0,False
P03365,C095,CR0325,2025-07-22,youtube,long_form,7,49,60,60,0,False
P03366,C095,CR0328,2025-07-28,youtube,long_form,33,136,136,136,0,False
P03367,C095,CR0453,2025-07-21,youtube,long_form,13,311,394,394,0,False
P03368,C095,CR0453,2025-08-01,youtube,short,25,135,141,141,0,False
P03369,C095,CR0453,2025-08-10,youtube,long_form,24,68,68,68,0,False
P03370,C095,CR0456,2025-08-09,youtube,long_form,55,239,239,239,0,False
P03371,C095,CR0470,2025-07-29,youtube,long_form,46,240,457,457,0,False
P03372,C095,CR0470,2025-08-01,youtube,short,44,185,217,217,0,False
P03373,C095,CR0470,2025-08-02,youtube,short,46,133,169,169,0,False
P03374,C096,CR0025,2025-07-24,youtube,short,294,554,629,629,200,True
P03375,C096,CR0025,2025-07-26,youtube,long_form,209,503,538,538,200,False
P03376,C096,CR0025,2025-07-28,youtube,short,32,144,150,150,100,True
P03377,C096,CR0025,2025-08-01,youtube,short,334,586,586,586,200,True
P03378,C096,CR0122,2025-07-19,youtube,short,4,30,201,201,100,False
P03379,C096,CR0137,2025-07-21,youtube,long_form,4,17,22,22,0,False
P03380,C096,CR0156,2025-08-01,youtube,short,8,23,23,23,0,False
P03381,C096,CR0215,2025-08-03,youtube,short,79,176,176,176,100,False
P03382,C096,CR0254,2025-07-19,youtube,short,1671,6662,7562,7562,1300,False
P03383,C096,CR0265,2025-07-21,youtube,long_form,1,18,47,47,0,False
P03384,C096,CR0268,2025-07-19,youtube,long_form,5,41,63,63,0,False
P03385,C096,CR0268,2025-07-20,youtube,short,4,28,36,36,0,False
P03386,C096,CR0268,2025-07-25,youtube,short,11,45,48,48,0,False
P03387,C096,CR0287,2025-07-28,youtube,long_form,11,118,179,179,100,False
P03388,C096,CR0287,2025-07-30,youtube,long_form,9,117,117,117,100,False
P03389,C096,CR0317,2025-07-22,youtube,long_form,57,809,1190,1190,200,False
P03390,C096,CR0323,2025-07-25,youtube,long_form,18,57,62,62,0,False
P03391,C096,CR0323,2025-08-04,youtube,short,17,33,33,33,0,False
P03392,C096,CR0396,2025-07-28,youtube,short,32,252,279,279,100,False
P03393,C096,CR0495,2025-07-28,youtube,short,9,171,195,195,100,True
P03394,C096,CR0495,2025-08-03,youtube,short,17,35,35,35,0,False
P03395,C097,CR0046,2025-08-31,instagram,reel,30,91,93,93,0,False
P03396,C097,CR0050,2025-09-08,instagram,carousel,306,964,1119,1119,100,False
P03397,C097,CR0050,2025-09-10,instagram,reel,568,2565,2862,2862,300,False
P03398,C097,CR0059,2025-09-15,instagram,carousel,73,220,220,220,0,False
P03399,C097,CR0078,2025-09-10,instagram,reel,8049,31343,33306,33306,1300,False
P03400,C097,CR0166,2025-09-15,instagram,carousel,13,117,117,117,0,False
P03401,C097,CR0191,2025-08-24,instagram,carousel,67,259,316,316,0,False
P03402,C097,CR0193,2025-09-20,instagram,carousel,463,463,463,463,0,False
P03403,C097,CR0224,2025-09-09,instagram,reel,48,146,162,162,0,False
P03404,C097,CR0224,2025-09-11,instagram,reel,54,207,239,239,0,False
P03405,C097,CR0224,2025-09-12,instagram,carousel,45,191,223,223,0,False
P03406,C097,CR0233,2025-09-08,instagram,carousel,35,109,122,122,0,False
P03407,C097,CR0238,2025-09-12,instagram,carousel,20,288,304,304,0,False
P03408,C097,CR0238,2025-09-13,instagram,carousel,263,551,567,567,100,True
P03409,C097,CR0238,2025-09-18,instagram,reel,31,146,146,146,0,False
P03410,C097,CR0253,2025-09-13,instagram,carousel,11816,41704,44184,44184,1300,False
P03411,C097,CR0253,2025-09-19,instagram,reel,4538,11999,11999,11999,1300,False
P03412,C097,CR0259,2025-09-11,instagram,reel,26,82,101,101,0,False
P03413,C097,CR0271,2025-09-07,instagram,carousel,177,557,663,663,100,False
P03414,C097,CR0271,2025-09-17,instagram,reel,141,363,363,363,0,False
P03415,C097,CR0271,2025-09-19,instagram,reel,68,116,116,116,0,False
P03416,C097,CR0274,2025-08-27,instagram,carousel,349,3563,5117,5117,300,False
P03417,C097,CR0274,2025-09-19,instagram,carousel,258,441,441,441,0,False
P03418,C097,CR0290,2025-09-11,instagram,reel,944,14141,34259,34259,1300,False
P03419,C097,CR0302,2025-09-07,instagram,reel,27,136,163,163,0,False
P03420,C097,CR0302,2025-09-13,instagram,carousel,27,429,503,503,100,False
P03421,C097,CR0302,2025-09-20,instagram,carousel,23,23,23,23,0,False
P03422,C097,CR0308,2025-09-15,instagram,carousel,208,536,536,536,100,False
P03423,C097,CR0327,2025-08-25,instagram,reel,927,1545,2032,2032,300,True
P03424,C097,CR0327,2025-08-26,instagram,carousel,253,554,579,579,100,False
P03425,C097,CR0344,2025-09-01,instagram,reel,7401,30901,36946,36946,1300,False
P03426,C097,CR0344,2025-09-15,instagram,carousel,6608,19929,19929,19929,1300,False
P03427,C097,CR0375,2025-08-28,instagram,carousel,6,28,28,28,0,False
P03428,C097,CR0421,2025-09-11,instagram,carousel,1028,3763,4832,4832,300,False
P03429,C097,CR0438,2025-09-02,instagram,carousel,2243,5016,6810,6810,300,False
P03430,C097,CR0439,2025-08-28,instagram,reel,15,543,957,957,100,True
P03431,C097,CR0440,2025-08-24,instagram,reel,46,282,618,618,100,False
P03432,C097,CR0443,2025-09-10,instagram,carousel,1517,7925,10591,10591,1300,False
P03433,C097,CR0451,2025-09-14,instagram,reel,520,10572,10572,10572,1300,False
P03434,C097,CR0467,2025-09-02,instagram,carousel,54,569,646,646,100,False
P03435,C097,CR0467,2025-09-04,instagram,carousel,30,134,134,134,0,False
P03436,C097,CR0467,2025-09-07,instagram,carousel,47,396,599,599,100,False
P03437,C097,CR0485,2025-09-08,instagram,carousel,122,491,555,555,100,False
P03438,C097,CR0485,2025-09-15,instagram,carousel,49,200,200,200,0,False
P03439,C098,CR0022,2025-09-19,instagram,carousel,125,316,316,316,0,False
P03440,C098,CR0044,2025-09-12,instagram,reel,176,735,773,773,0,False
P03441,C098,CR0044,2025-09-19,instagram,carousel,348,734,734,734,0,False
P03442,C098,CR0047,2025-09-15,instagram,carousel,110,569,846,846,0,False
P03443,C098,CR0064,2025-09-17,instagram,carousel,528,1697,1697,1697,0,False
P03444,C098,CR0070,2025-09-17,instagram,carousel,255,983,983,983,0,False
P03445,C098,CR0081,2025-09-23,instagram,carousel,390,390,390,390,0,False
P03446,C098,CR0140,2025-08-28,instagram,reel,927,7814,22938,22938,900,False
P03447,C098,CR0140,2025-09-02,instagram,carousel,601,1925,2129,2129,0,False
P03448,C098,CR0140,2025-09-09,instagram,carousel,1106,9224,10627,10627,900,False
P03449,C098,CR0140,2025-09-13,instagram,carousel,1118,3484,3484,3484,200,False
P03450,C098,CR0152,2025-08-31,instagram,reel,64,354,602,602,0,False
P03451,C098,CR0166,2025-09-03,instagram,carousel,21,69,72,72,0,False
P03452,C098,CR0205,2025-09-14,instagram,carousel,89,358,473,473,0,False
P03453,C098,CR0217,2025-09-14,instagram,carousel,52,374,666,666,0,False
P03454,C098,CR0221,2025-09-04,instagram,reel,189,441,504,504,0,False
P03455,C098,CR0221,2025-09-13,instagram,carousel,218,2735,6215,6215,200,False
P03456,C098,CR0221,2025-09-20,instagram,carousel,184,1800,1800,1800,0,False
P03457,C098,CR0227,2025-09-13,instagram,carousel,722,3102,3363,3363,200,False
P03458,C098,CR0227,2025-09-20,instagram,reel,473,1343,1343,1343,0,False
P03459,C098,CR0227,2025-09-23,instagram,carousel,406,406,406,406,0,False
P03460,C098,CR0230,2025-09-20,instagram,carousel,55,156,156,156,0,False
P03461,C098,CR0235,2025-09-05,instagram,carousel,3003,10406,11854,11854,900,False
P03462,C098,CR0235,2025-09-11,instagram,carousel,2502,6643,8093,8093,200,False
P03463,C098,CR0235,2025-09-12,instagram,carousel,3269,10285,11479,11479,900,False
P03464,C098,CR0249,2025-09-16,instagram,reel,72,422,443,443,0,False
P03465,C098,CR0267,2025-09-11,instagram,reel,17236,63032,74376,74376,4500,False
P03466,C098,CR0282,2025-09-19,instagram,carousel,58,272,272,272,0,False
P03467,C098,CR0282,2025-09-21,instagram,reel,73,392,392,392,0,False
P03468,C098,CR0290,2025-09-23,instagram,carousel,2539,2539,2539,2539,200,False
P03469,C098,CR0344,2025-09-09,instagram,carousel,14514,63383,70434,70434,4500,False
P03470,C098,CR0370,2025-09-10,instagram,carousel,192,2195,2696,2696,200,False
P03471,C098,CR0370,2025-09-16,instagram,carousel,143,585,645,645,0,False
P03472,C098,CR0370,2025-09-17,instagram,carousel,151,428,428,428,0,False
P03473,C098,CR0370,2025-09-21,instagram,carousel,127,398,398,398,0,False
P03474,C098,CR0374,2025-08-30,instagram,carousel,110,1798,3091,3091,200,False
P03475,C098,CR0374,2025-09-09,instagram,carousel,71,183,194,194,0,False
P03476,C098,CR0374,2025-09-15,instagram,carousel,98,309,324,324,0,False
P03477,C098,CR0381,2025-09-01,instagram,carousel,75,295,341,341,0,False
P03478,C098,CR0404,2025-08-30,instagram,carousel,19,131,303,303,0,False
P03479,C098,CR0404,2025-09-09,instagram,carousel,19,78,115,115,0,False
P03480,C098,CR0404,2025-09-13,instagram,carousel,26,92,119,119,0,False
P03481,C098,CR0424,2025-09-02,instagram,reel,258,924,2166,2166,0,False
P03482,C098,CR0424,2025-09-07,instagram,carousel,371,2400,3244,3244,200,False
P03483,C098,CR0424,2025-09-11,instagram,reel,473,3513,4155,4155,200,False
P03484,C098,CR0424,2025-09-13,instagram,carousel,279,775,775,775,0,False
P03485,C098,CR0489,2025-09-05,instagram,carousel,3267,9185,11205,11205,900,False
P03486,C099,CR0010,2025-09-27,instagram,carousel,538,2005,2459,2459,0,False
P03487,C099,CR0039,2025-09-14,instagram,carousel,366,1941,4605,4605,0,False
P03488,C099,CR0056,2025-09-30,instagram,carousel,264,2377,2377,2377,0,False
P03489,C099,CR0061,2025-09-14,instagram,carousel,3654,25476,28450,28450,4200,False
P03490,C099,CR0061,2025-09-29,instagram,reel,1900,15272,15272,15272,1700,False
P03491,C099,CR0064,2025-10-01,instagram,carousel,77,384,384,384,0,False
P03492,C099,CR0076,2025-09-22,instagram,carousel,24388,50434,52728,52728,4200,False
P03493,C099,CR0081,2025-10-04,instagram,reel,24,41,41,41,0,False
P03494,C099,CR0094,2025-09-07,instagram,carousel,13,55,57,57,0,True
P03495,C099,CR0094,2025-09-21,instagram,carousel,42,82,88,88,0,False
P03496,C099,CR0120,2025-09-12,instagram,reel,330,1138,1943,1943,0,False
P03497,C099,CR0120,2025-09-17,instagram,carousel,273,1338,1997,1997,0,False
P03498,C099,CR0120,2025-09-25,instagram,reel,260,1467,1606,1606,0,False
P03499,C099,CR0141,2025-08-28,instagram,carousel,84,1134,1986,2036,0,False
P03500,C099,CR0151,2025-09-12,instagram,carousel,23,105,152,152,0,False
P03501,C099,CR0151,2025-09-22,instagram,carousel,13,41,41,41,0,False
P03502,C099,CR0151,2025-09-23,instagram,carousel,14,121,141,141,0,False
P03503,C099,CR0151,2025-09-25,instagram,carousel,21,290,471,471,0,False
P03504,C099,CR0161,2025-09-29,instagram,carousel,103,548,548,548,0,False
P03505,C099,CR0165,2025-09-03,instagram,carousel,27,187,320,340,0,False
P03506,C099,CR0165,2025-09-16,instagram,carousel,41,162,206,206,0,False
P03507,C099,CR0169,2025-09-21,instagram,carousel,19,74,111,111,0,False
P03508,C099,CR0183,2025-09-14,instagram,carousel,1710,4947,4947,4947,0,False
P03509,C099,CR0234,2025-09-02,instagram,carousel,3591,11646,13497,13535,1700,False
P03510,C099,CR0234,2025-09-03,instagram,reel,6708,20188,30464,30554,4200,False
P03511,C099,CR0278,2025-09-10,instagram,carousel,4667,40608,49878,49878,4200,False
P03512,C099,CR0299,2025-08-28,instagram,carousel,136,405,405,405,0,False
P03513,C099,CR0321,2025-09-30,instagram,carousel,13,38,38,38,0,False
P03514,C099,CR0327,2025-09-15,instagram,carousel,10,41,46,46,0,False
P03515,C099,CR0327,2025-09-18,instagram,reel,20,199,572,572,0,False
P03516,C099,CR0348,2025-09-06,instagram,carousel,23,66,66,66,0,False
P03517,C099,CR0348,2025-09-20,instagram,carousel,25,81,81,81,0,False
P03518,C099,CR0348,2025-10-04,instagram,carousel,29,50,50,50,0,False
P03519,C099,CR0356,2025-09-23,instagram,carousel,229,599,823,823,0,False
P03520,C099,CR0362,2025-09-27,instagram,carousel,8,56,61,61,0,False
P03521,C099,CR0362,2025-09-29,instagram,carousel,9,19,19,19,0,False
P03522,C099,CR0381,2025-09-17,instagram,carousel,15,80,179,179,0,False
P03523,C099,CR0381,2025-09-21,instagram,carousel,28,144,251,251,0,False
P03524,C099,CR0381,2025-09-23,instagram,carousel,23,218,273,273,0,False
P03525,C099,CR0381,2025-09-28,instagram,carousel,14,75,79,79,0,False
P03526,C099,CR0381,2025-10-04,instagram,carousel,8,14,14,14,0,False
P03527,C099,CR0392,2025-09-27,instagram,reel,21,119,161,161,0,False
P03528,C099,CR0413,2025-09-08,instagram,carousel,179,1010,1516,1516,0,False
P03529,C099,CR0413,2025-09-18,instagram,reel,174,591,1564,1564,0,False
P03530,C099,CR0413,2025-09-20,instagram,carousel,211,972,1263,1263,0,False
P03531,C099,CR0413,2025-09-23,instagram,carousel,158,496,556,556,0,False
P03532,C099,CR0433,2025-08-28,instagram,carousel,25,1008,2084,2084,0,False
P03533,C099,CR0436,2025-09-17,instagram,carousel,717,4359,5369,5369,0,False
P03534,C099,CR0436,2025-09-22,instagram,carousel,983,3305,3305,3305,0,False
P03535,C099,CR0436,2025-10-01,instagram,carousel,1367,3923,3923,3923,0,False
P03536,C099,CR0442,2025-08-28,instagram,carousel,24,226,463,463,0,False
P03537,C099,CR0442,2025-08-31,instagram,reel,44,165,207,207,0,False
P03538,C099,CR0442,2025-09-24,instagram,reel,48,308,376,376,0,False
P03539,C099,CR0458,2025-09-23,instagram,carousel,77,325,441,441,0,False
P03540,C099,CR0462,2025-09-14,instagram,carousel,1772,6138,8983,8983,0,False
P03541,C099,CR0463,2025-09-09,instagram,carousel,17,41,43,43,0,False
P03542,C099,CR0466,2025-09-10,instagram,carousel,17,65,77,77,0,False
P03543,C100,CR0028,2025-09-16,youtube,long_form,13,13,13,13,0,False
P03544,C100,CR0041,2025-09-04,youtube,long_form,47,1304,2716,2716,500,False
P03545,C100,CR0041,2025-09-13,youtube,long_form,39,141,141,141,0,False
P03546,C100,CR0048,2025-09-12,youtube,long_form,8,28,28,28,0,False
P03547,C100,CR0051,2025-09-12,youtube,long_form,1184,3355,3355,3355,500,False
P03548,C100,CR0062,2025-09-06,youtube,long_form,717,8601,11861,11861,4800,False
P03549,C100,CR0062,2025-09-11,youtube,long_form,1026,2559,2559,2559,500,False
P03550,C100,CR0116,2025-09-15,youtube,short,4,9,9,9,0,False
P03551,C100,CR0117,2025-08-31,youtube,short,8,75,87,87,0,False
P03552,C100,CR0155,2025-09-14,youtube,long_form,15,28,28,28,0,False
P03553,C100,CR0173,2025-09-14,youtube,long_form,93,206,206,206,0,False
P03554,C100,CR0189,2025-08-31,youtube,short,7,26,26,26,0,False
P03555,C100,CR0189,2025-09-03,youtube,short,6,20,20,20,0,False
P03556,C100,CR0201,2025-09-08,youtube,long_form,9,41,41,41,0,False
P03557,C100,CR0229,2025-09-04,youtube,long_form,228,926,1039,1039,500,False
P03558,C100,CR0229,2025-09-10,youtube,long_form,143,1053,1053,1053,500,False
P03559,C100,CR0237,2025-09-12,youtube,short,4,35,35,35,0,False
P03560,C100,CR0260,2025-09-10,youtube,long_form,77,1502,1502,1502,500,False
P03561,C100,CR0286,2025-09-02,youtube,long_form,1409,4432,5877,5877,2400,False
P03562,C100,CR0286,2025-09-03,youtube,long_form,1046,4752,4862,4862,500,False
P03563,C100,CR0286,2025-09-12,youtube,short,1385,3926,3926,3926,500,False
P03564,C100,CR0301,2025-09-14,youtube,short,670,1730,1730,1730,500,False
P03565,C100,CR0328,2025-09-15,youtube,short,16,32,32,32,0,False
P03566,C100,CR0338,2025-09-11,youtube,short,4,15,15,15,0,False
P03567,C100,CR0338,2025-09-16,youtube,short,8,8,8,8,0,False
P03568,C100,CR0349,2025-09-05,youtube,short,43,129,160,160,0,False
P03569,C100,CR0376,2025-09-07,youtube,short,765,3407,4020,4020,500,False
P03570,C100,CR0376,2025-09-08,youtube,short,505,1448,2151,2151,500,False
P03571,C100,CR0408,2025-09-04,youtube,short,838,3885,4188,4188,500,False
P03572,C100,CR0415,2025-09-06,youtube,long_form,22,155,155,155,0,False
P03573,C100,CR0428,2025-09-03,youtube,long_form,13,68,70,70,0,False
P03574,C100,CR0437,2025-09-09,youtube,long_form,8,59,63,63,0,False
P03575,C100,CR0437,2025-09-10,youtube,long_form,8,176,176,176,0,False
P03576,C100,CR0437,2025-09-13,youtube,long_form,7,24,24,24,0,False
P03577,C100,CR0444,2025-09-03,youtube,short,414,778,1214,1214,500,True
P03578,C100,CR0444,2025-09-08,youtube,long_form,48,102,110,110,0,False
P03579,C100,CR0444,2025-09-13,youtube,long_form,14,29,29,29,0,False
P03580,C100,CR0480,2025-09-12,youtube,long_form,18,95,95,95,0,False
P03581,C101,CR0023,2025-09-02,youtube,short,140,463,463,463,0,False
P03582,C101,CR0023,2025-09-05,youtube,short,114,909,909,909,0,False
P03583,C101,CR0042,2025-09-06,youtube,long_form,14,51,51,51,0,False
P03584,C101,CR0083,2025-09-03,youtube,short,18,2130,2130,2130,200,True
P03585,C101,CR0083,2025-09-04,youtube,long_form,17,125,125,125,0,False
P03586,C101,CR0122,2025-09-02,youtube,long_form,46,219,219,219,0,False
P03587,C101,CR0213,2025-09-08,youtube,long_form,49,49,49,49,0,False
P03588,C101,CR0219,2025-09-06,youtube,long_form,53,118,118,118,0,False
P03589,C101,CR0248,2025-09-08,youtube,short,62,62,62,62,0,False
P03590,C101,CR0294,2025-09-07,youtube,long_form,14,36,36,36,0,False
P03591,C101,CR0295,2025-09-07,youtube,long_form,1682,2879,2879,2879,200,False
P03592,C101,CR0391,2025-09-02,youtube,short,26,86,86,86,0,False
P03593,C101,CR0391,2025-09-03,youtube,short,33,174,174,174,0,False
P03594,C101,CR0457,2025-09-03,youtube,short,378,727,727,727,0,False
P03595,C101,CR0459,2025-09-03,youtube,long_form,50,156,156,156,0,False
P03596,C101,CR0477,2025-09-02,youtube,long_form,117,418,418,418,0,False
P03597,C101,CR0477,2025-09-05,youtube,long_form,97,464,464,464,0,False
P03598,C101,CR0480,2025-09-08,youtube,short,35,35,35,35,0,False
P03599,C101,CR0496,2025-09-05,youtube,short,312,774,774,774,0,False
P03600,C101,CR0497,2025-09-07,youtube,short,777,1203,1203,1203,0,False
P03601,C102,CR0033,2025-09-18,youtube,long_form,71,688,1056,1056,0,False
P03602,C102,CR0036,2025-09-26,youtube,long_form,139,300,300,300,0,False
P03603,C102,CR0173,2025-09-10,youtube,short,165,1138,2798,2798,0,False
P03604,C102,CR0173,2025-09-16,youtube,long_form,146,746,875,875,0,False
P03605,C102,CR0200,2025-09-24,youtube,long_form,43,101,101,101,0,False
P03606,C102,CR0219,2025-09-12,youtube,long_form,34,1230,2113,2113,0,False
P03607,C102,CR0287,2025-09-14,youtube,long_form,55,277,316,316,0,False
P03608,C102,CR0295,2025-09-12,youtube,short,2076,9769,10485,10485,0,False
P03609,C102,CR0329,2025-09-28,youtube,long_form,37,107,107,107,0,False
P03610,C102,CR0415,2025-09-27,youtube,long_form,36,92,92,92,0,False
P03611,C102,CR0415,2025-09-29,youtube,long_form,41,64,64,64,0,False
P03612,C102,CR0457,2025-09-14,youtube,long_form,133,3978,9586,9586,0,False
P03613,C102,CR0457,2025-09-17,youtube,short,169,6896,11535,11535,0,False
P03614,C102,CR0496,2025-09-26,youtube,long_form,585,1804,1804,1804,0,False
P03615,C103,CR0010,2025-09-13,instagram,carousel,1128,3876,3876,3876,300,False
P03616,C103,CR0010,2025-09-17,instagram,carousel,2049,4553,4553,4553,300,False
P03617,C103,CR0010,2025-09-18,instagram,reel,1465,1465,1465,1465,100,False
P03618,C103,CR0014,2025-09-10,instagram,carousel,135,636,704,704,100,False
P03619,C103,CR0140,2025-09-15,instagram,reel,619,1674,1674,1674,100,False
P03620,C103,CR0151,2025-09-10,instagram,reel,40,189,203,203,0,False
P03621,C103,CR0162,2025-09-14,instagram,carousel,181,513,513,513,100,False
P03622,C103,CR0182,2025-09-14,instagram,carousel,63,179,179,179,0,False
P03623,C103,CR0186,2025-09-08,instagram,carousel,242,669,742,742,100,False
P03624,C103,CR0186,2025-09-09,instagram,reel,459,5049,6657,6657,300,False
P03625,C103,CR0186,2025-09-17,instagram,carousel,215,368,368,368,0,False
P03626,C103,CR0191,2025-09-14,instagram,carousel,86,402,402,402,0,False
P03627,C103,CR0238,2025-09-12,instagram,carousel,49,743,743,743,100,False
P03628,C103,CR0238,2025-09-14,instagram,reel,31,111,111,111,0,False
P03629,C103,CR0263,2025-09-13,instagram,carousel,19570,70242,70242,70242,3300,False
P03630,C103,CR0291,2025-09-13,instagram,carousel,15263,46035,46035,46035,3300,False
P03631,C103,CR0291,2025-09-17,instagram,carousel,17764,30402,30402,30402,3300,False
P03632,C103,CR0293,2025-09-08,instagram,reel,181,499,546,546,100,False
P03633,C103,CR0293,2025-09-10,instagram,reel,71,155,161,161,0,False
P03634,C103,CR0293,2025-09-14,instagram,reel,150,457,457,457,0,False
P03635,C103,CR0293,2025-09-16,instagram,carousel,81,154,154,154,0,False
P03636,C103,CR0293,2025-09-18,instagram,carousel,101,101,101,101,0,False
P03637,C103,CR0350,2025-09-18,instagram,carousel,38,38,38,38,0,False
P03638,C103,CR0370,2025-09-11,instagram,reel,110,582,643,643,100,False
P03639,C103,CR0371,2025-09-16,instagram,carousel,2897,8391,8391,8391,300,False
P03640,C103,CR0371,2025-09-17,instagram,carousel,3244,5552,5552,5552,300,False
P03641,C103,CR0378,2025-09-17,instagram,reel,96,438,438,438,0,False
P03642,C103,CR0380,2025-09-08,instagram,carousel,1468,8804,11238,11238,1300,False
P03643,C103,CR0380,2025-09-11,instagram,carousel,959,3016,3104,3104,300,False
P03644,C103,CR0398,2025-09-16,instagram,carousel,38,95,95,95,0,False
P03645,C103,CR0416,2025-09-18,instagram,carousel,73,73,73,73,0,False
P03646,C103,CR0425,2025-09-10,instagram,reel,733,2301,2373,2373,100,False
P03647,C103,CR0425,2025-09-12,instagram,carousel,1457,3874,3874,3874,300,False
P03648,C103,CR0473,2025-09-10,instagram,carousel,22,129,147,147,0,False
P03649,C103,CR0473,2025-09-13,instagram,carousel,23,115,115,115,0,False
P03650,C103,CR0474,2025-09-09,instagram,reel,391,1885,2012,2012,100,False
P03651,C103,CR0474,2025-09-15,instagram,carousel,350,1940,1940,1940,100,False
P03652,C104,CR0006,2025-10-15,instagram,carousel,123,273,273,273,0,False
P03653,C104,CR0027,2025-10-12,instagram,reel,1691,3023,3023,3023,300,False
P03654,C104,CR0027,2025-10-14,instagram,carousel,1580,2952,2952,2952,300,False
P03655,C104,CR0074,2025-09-20,instagram,carousel,656,4850,5051,5051,300,False
P03656,C104,CR0100,2025-10-01,instagram,reel,36,158,187,187,0,False
P03657,C104,CR0100,2025-10-03,instagram,reel,64,363,437,437,0,False
P03658,C104,CR0145,2025-09-16,instagram,carousel,3380,13342,65893,65893,3000,False
P03659,C104,CR0145,2025-09-25,instagram,reel,2193,6907,12460,12460,600,False
P03660,C104,CR0152,2025-10-03,instagram,carousel,25,198,202,202,0,False
P03661,C104,CR0170,2025-09-30,instagram,reel,32,111,240,240,0,False
P03662,C104,CR0170,2025-10-09,instagram,reel,18,110,115,115,0,False
P03663,C104,CR0190,2025-09-26,instagram,reel,2487,10387,14088,14088,600,False
P03664,C104,CR0190,2025-10-01,instagram,carousel,1564,34728,50975,50975,3000,False
P03665,C104,CR0190,2025-10-02,instagram,carousel,1802,5875,5875,5875,300,False
P03666,C104,CR0195,2025-10-09,instagram,reel,20,178,203,203,0,False
P03667,C104,CR0205,2025-10-12,instagram,carousel,50,111,111,111,0,False
P03668,C104,CR0223,2025-09-29,instagram,carousel,279,2299,2687,2687,300,False
P03669,C104,CR0223,2025-10-01,instagram,reel,299,1724,2054,2054,200,False
P03670,C104,CR0223,2025-10-02,instagram,reel,390,2360,2647,2647,300,False
P03671,C104,CR0224,2025-09-26,instagram,carousel,64,1417,4339,4339,300,False
P03672,C104,CR0243,2025-09-11,instagram,carousel,93,855,884,884,100,False
P03673,C104,CR0253,2025-10-12,instagram,carousel,10802,30611,30611,30611,600,False
P03674,C104,CR0274,2025-09-30,instagram,carousel,343,5884,6850,6850,300,True
P03675,C104,CR0274,2025-10-16,instagram,reel,923,923,923,923,100,False
P03676,C104,CR0293,2025-09-22,instagram,carousel,57,179,207,207,0,False
P03677,C104,CR0293,2025-09-23,instagram,carousel,40,121,132,132,0,False
P03678,C104,CR0348,2025-09-22,instagram,carousel,94,264,309,309,0,False
P03679,C104,CR0357,2025-09-09,instagram,carousel,2265,10339,103408,115740,3000,False
P03680,C104,CR0357,2025-09-10,instagram,carousel,2273,9931,14440,14440,600,False
P03681,C104,CR0357,2025-09-28,instagram,carousel,3356,26324,32138,32138,600,False
P03682,C104,CR0357,2025-10-05,instagram,carousel,2226,8988,12078,12078,600,False
P03683,C104,CR0357,2025-10-13,instagram,carousel,3343,18525,18525,18525,600,False
P03684,C104,CR0395,2025-09-10,instagram,reel,79,317,515,515,100,False
P03685,C104,CR0398,2025-09-15,instagram,carousel,16,314,421,421,0,False
P03686,C104,CR0398,2025-09-23,instagram,carousel,43,157,184,184,0,False
P03687,C104,CR0398,2025-10-06,instagram,carousel,32,802,1477,1477,200,False
P03688,C104,CR0413,2025-09-19,instagram,carousel,559,3380,4446,4446,300,False
P03689,C104,CR0413,2025-09-21,instagram,reel,352,4661,11461,11461,600,False
P03690,C104,CR0451,2025-09-20,instagram,reel,1961,4131,4800,4800,300,False
P03691,C104,CR0451,2025-09-21,instagram,carousel,522,5445,5949,5949,300,True
P03692,C104,CR0451,2025-09-30,instagram,carousel,352,9299,11170,11170,600,True
P03693,C104,CR0451,2025-10-08,instagram,reel,3647,6884,6980,6980,300,False
P03694,C104,CR0451,2025-10-16,instagram,carousel,2483,2483,2483,2483,200,False
P03695,C104,CR0463,2025-10-16,instagram,carousel,43,43,43,43,0,False
P03696,C105,CR0014,2025-09-20,instagram,carousel,27,157,157,157,0,False
P03697,C105,CR0053,2025-10-02,instagram,carousel,34,106,123,123,0,False
P03698,C105,CR0090,2025-09-27,instagram,carousel,9,35,40,40,0,False
P03699,C105,CR0090,2025-10-15,instagram,carousel,8,23,23,23,0,False
P03700,C105,CR0090,2025-10-16,instagram,reel,6,15,15,15,0,False
P03701,C105,CR0099,2025-10-02,instagram,carousel,181,974,1645,1645,0,False
P03702,C105,CR0099,2025-10-18,instagram,carousel,126,216,216,216,0,False
P03703,C105,CR0101,2025-10-18,instagram,carousel,20,31,31,31,0,False
P03704,C105,CR0120,2025-09-26,instagram,reel,272,2075,3079,3079,0,False
P03705,C105,CR0120,2025-10-02,instagram,carousel,258,1627,4004,4004,0,False
P03706,C105,CR0125,2025-10-19,instagram,carousel,20,20,20,20,0,False
P03707,C105,CR0126,2025-10-14,instagram,carousel,426,1350,1350,1350,0,False
P03708,C105,CR0127,2025-10-04,instagram,carousel,3956,40261,72161,72161,4100,False
P03709,C105,CR0146,2025-09-26,instagram,reel,3080,19428,25822,25822,4100,False
P03710,C105,CR0146,2025-10-02,instagram,carousel,2833,8828,10713,10713,0,False
P03711,C105,CR0146,2025-10-13,instagram,carousel,2265,14288,14288,14288,0,False
P03712,C105,CR0158,2025-09-16,instagram,carousel,25,314,552,552,0,False
P03713,C105,CR0158,2025-09-19,instagram,carousel,33,107,217,218,0,False
P03714,C105,CR0158,2025-10-02,instagram,carousel,27,80,81,81,0,False
P03715,C105,CR0158,2025-10-03,instagram,carousel,40,115,115,115,0,False
P03716,C105,CR0159,2025-09-17,instagram,carousel,216,830,1074,1134,0,False
P03717,C105,CR0220,2025-09-17,instagram,carousel,761,4712,7321,7331,0,False
P03718,C105,CR0231,2025-09-15,instagram,carousel,32,121,163,163,0,False
P03719,C105,CR0231,2025-09-20,instagram,carousel,27,169,545,545,0,False
P03720,C105,CR0234,2025-10-03,instagram,carousel,4708,41650,45724,45724,4100,True
P03721,C105,CR0234,2025-10-07,instagram,carousel,3837,45145,51144,51144,4100,True
P03722,C105,CR0234,2025-10-09,instagram,carousel,8105,73694,86761,86761,4100,False
P03723,C105,CR0234,2025-10-15,instagram,carousel,6055,180127,180127,180127,16200,False
P03724,C105,CR0234,2025-10-17,instagram,carousel,3733,30380,30380,30380,4100,False
P03725,C105,CR0246,2025-09-17,instagram,reel,288,1238,6136,6760,0,False
P03726,C105,CR0246,2025-09-27,instagram,reel,289,2684,4284,4284,0,False
P03727,C105,CR0247,2025-10-11,instagram,carousel,3511,24446,28499,28499,4100,False
P03728,C105,CR0253,2025-10-15,instagram,carousel,2405,3724,3724,3724,0,False
P03729,C105,CR0259,2025-09-25,instagram,carousel,15,54,59,59,0,False
P03730,C105,CR0262,2025-10-01,instagram,carousel,11,34,40,40,0,False
P03731,C105,CR0262,2025-10-12,instagram,carousel,16,79,98,98,0,False
P03732,C105,CR0262,2025-10-17,instagram,carousel,11,28,28,28,0,False
P03733,C105,CR0266,2025-09-25,instagram,reel,124,249,255,255,0,False
P03734,C105,CR0267,2025-09-20,instagram,reel,4590,14440,16737,16737,0,False
P03735,C105,CR0272,2025-09-14,instagram,carousel,385,2947,4876,4923,0,False
P03736,C105,CR0272,2025-09-21,instagram,reel,389,2712,12110,12110,0,False
P03737,C105,CR0297,2025-10-14,instagram,carousel,212,1064,1064,1064,0,False
P03738,C105,CR0304,2025-09-20,instagram,carousel,162,334,378,378,0,True
P03739,C105,CR0304,2025-09-22,instagram,reel,415,680,1115,1115,0,True
P03740,C105,CR0304,2025-09-23,instagram,carousel,9,32,33,33,0,False
P03741,C105,CR0305,2025-09-22,instagram,reel,30,64,68,68,0,False
P03742,C105,CR0343,2025-10-19,instagram,reel,31,31,31,31,0,False
P03743,C105,CR0359,2025-10-18,instagram,reel,37,63,63,63,0,False
P03744,C105,CR0372,2025-09-17,instagram,carousel,525,2459,8574,8637,0,False
P03745,C105,CR0372,2025-09-18,instagram,carousel,1264,3256,4422,4429,0,False
P03746,C105,CR0374,2025-10-07,instagram,reel,29,90,99,99,0,False
P03747,C105,CR0385,2025-10-18,instagram,carousel,13,29,29,29,0,False
P03748,C105,CR0385,2025-10-19,instagram,reel,13,13,13,13,0,False
P03749,C105,CR0394,2025-09-14,instagram,carousel,103,501,643,643,0,False
P03750,C105,CR0416,2025-10-16,instagram,reel,46,265,265,265,0,False
P03751,C105,CR0432,2025-10-07,instagram,carousel,34,372,400,400,0,True
P03752,C105,CR0432,2025-10-15,instagram,carousel,30,110,110,110,0,False
P03753,C105,CR0468,2025-10-09,instagram,carousel,12,53,64,64,0,False
P03754,C105,CR0468,2025-10-11,instagram,carousel,13,43,53,53,0,False
P03755,C105,CR0468,2025-10-12,instagram,carousel,10,103,129,129,0,False
P03756,C105,CR0468,2025-10-13,instagram,carousel,15,40,40,40,0,False
P03757,C105,CR0473,2025-10-18,instagram,reel,12,27,27,27,0,False
P03758,C105,CR0474,2025-10-03,instagram,carousel,151,514,715,715,0,False
P03759,C105,CR0474,2025-10-07,instagram,reel,119,661,1160,1160,0,False
P03760,C105,CR0489,2025-09-15,instagram,carousel,631,5668,8058,8137,0,False
P03761,C105,CR0491,2025-10-17,instagram,reel,229,663,663,663,0,False
P03762,C106,CR0049,2025-10-09,youtube,short,13,52,60,60,0,False
P03763,C106,CR0068,2025-10-18,youtube,long_form,70,230,297,297,0,False
P03764,C106,CR0144,2025-11-04,youtube,long_form,15,15,15,15,0,False
P03765,C106,CR0212,2025-11-04,youtube,short,10,10,10,10,0,False
P03766,C106,CR0213,2025-10-29,youtube,long_form,43,207,207,207,0,False
P03767,C106,CR0215,2025-10-17,youtube,short,144,440,440,440,0,False
P03768,C106,CR0331,2025-09-22,youtube,short,64,674,1150,1151,0,False
P03769,C106,CR0366,2025-10-07,youtube,long_form,125,393,418,418,0,False
P03770,C106,CR0366,2025-10-14,youtube,short,64,312,412,412,0,False
P03771,C106,CR0366,2025-10-16,youtube,short,65,419,832,832,0,False
P03772,C106,CR0408,2025-10-27,youtube,long_form,3349,15769,17214,17214,1400,False
P03773,C106,CR0426,2025-10-16,youtube,long_form,25,112,273,273,0,False
P03774,C106,CR0456,2025-09-30,youtube,short,56,1235,1557,1557,0,True
P03775,C106,CR0456,2025-10-09,youtube,short,203,381,400,400,0,False
P03776,C106,CR0486,2025-10-26,youtube,long_form,792,3305,3668,3668,300,False
P03777,C106,CR0497,2025-10-28,youtube,long_form,1585,5105,5223,5223,700,False
P03778,C106,CR0497,2025-11-03,youtube,long_form,722,1118,1118,1118,0,False
P03779,C107,CR0005,2025-09-27,instagram,carousel,19,101,140,140,0,False
P03780,C107,CR0005,2025-10-09,instagram,carousel,16,60,67,67,0,False
P03781,C107,CR0005,2025-10-15,instagram,reel,27,46,46,46,0,False
P03782,C107,CR0005,2025-10-16,instagram,reel,14,14,14,14,0,False
P03783,C107,CR0006,2025-10-04,instagram,carousel,126,421,580,580,0,False
P03784,C107,CR0017,2025-10-14,instagram,carousel,74,178,178,178,0,False
P03785,C107,CR0026,2025-10-11,instagram,carousel,2231,13538,13538,13538,0,False
P03786,C107,CR0026,2025-10-12,instagram,reel,3225,6789,6789,6789,0,False
P03787,C107,CR0053,2025-10-02,instagram,carousel,74,328,498,498,0,False
P03788,C107,CR0056,2025-10-07,instagram,carousel,387,2080,2169,2169,0,False
P03789,C107,CR0064,2025-10-07,instagram,carousel,329,916,966,966,0,False
P03790,C107,CR0064,2025-10-14,instagram,carousel,324,719,719,719,0,False
P03791,C107,CR0072,2025-09-30,instagram,reel,164,819,819,819,0,False
P03792,C107,CR0072,2025-10-11,instagram,reel,198,597,597,597,0,False
P03793,C107,CR0106,2025-10-14,instagram,reel,131,290,290,290,0,False
P03794,C107,CR0125,2025-09-27,instagram,carousel,36,114,155,155,0,False
P03795,C107,CR0134,2025-10-16,instagram,reel,63,63,63,63,0,False
P03796,C107,CR0141,2025-10-11,instagram,carousel,115,348,348,348,0,False
P03797,C107,CR0159,2025-10-12,instagram,carousel,750,2126,2126,2126,0,False
P03798,C107,CR0161,2025-09-28,instagram,carousel,209,2779,11122,11122,0,False
P03799,C107,CR0161,2025-10-03,instagram,carousel,277,2162,2162,2162,0,False
P03800,C107,CR0179,2025-09-29,instagram,reel,1997,16915,45022,45022,2800,False
P03801,C107,CR0181,2025-10-09,instagram,carousel,6082,27445,29101,29101,2800,False
P03802,C107,CR0199,2025-10-08,instagram,carousel,105,472,520,520,0,False
P03803,C107,CR0231,2025-09-25,instagram,carousel,62,349,453,453,0,False
P03804,C107,CR0243,2025-10-01,instagram,reel,78,255,622,622,0,False
P03805,C107,CR0278,2025-10-05,instagram,carousel,7554,91396,132699,132699,14200,False
P03806,C107,CR0278,2025-10-15,instagram,reel,14195,24294,24294,24294,2800,False
P03807,C107,CR0358,2025-10-11,instagram,carousel,38,136,136,136,0,False
P03808,C107,CR0370,2025-10-10,instagram,carousel,615,1279,1279,1279,0,True
P03809,C107,CR0388,2025-10-07,instagram,reel,96,301,364,364,0,False
P03810,C107,CR0397,2025-09-25,instagram,carousel,83,328,760,760,0,False
P03811,C107,CR0414,2025-10-14,instagram,carousel,251,727,727,727,0,False
P03812,C107,CR0414,2025-10-15,instagram,carousel,209,357,357,357,0,False
P03813,C107,CR0427,2025-09-30,instagram,carousel,534,4917,10004,10004,0,False
P03814,C107,CR0427,2025-10-09,instagram,carousel,1059,3230,3406,3406,0,False
P03815,C107,CR0427,2025-10-11,instagram,carousel,905,3349,3349,3349,0,False
P03816,C107,CR0427,2025-10-12,instagram,carousel,998,2828,2828,2828,0,False
P03817,C107,CR0442,2025-10-16,instagram,carousel,92,92,92,92,0,False
P03818,C107,CR0445,2025-10-15,instagram,carousel,956,1636,1636,1636,0,False
P03819,C107,CR0493,2025-10-07,instagram,carousel,17039,36487,38325,38325,2800,True
P03820,C107,CR0493,2025-10-13,instagram,reel,1027,5330,5330,5330,0,False
P03821,C108,CR0080,2025-10-02,youtube,short,9,24,24,24,0,False
P03822,C108,CR0093,2025-09-27,youtube,long_form,351,929,929,929,0,False
P03823,C108,CR0130,2025-10-02,youtube,long_form,216,422,422,422,0,False
P03824,C108,CR0137,2025-10-03,youtube,short,78,126,126,126,0,False
P03825,C108,CR0200,2025-09-30,youtube,long_form,39,231,231,231,0,False
P03826,C108,CR0209,2025-09-28,youtube,long_form,80,405,405,405,0,False
P03827,C108,CR0209,2025-09-29,youtube,long_form,83,589,589,589,0,False
P03828,C108,CR0215,2025-09-30,youtube,short,224,1043,1043,1043,0,False
P03829,C108,CR0232,2025-09-30,youtube,long_form,83,425,425,425,0,False
P03830,C108,CR0268,2025-10-02,youtube,short,28,62,62,62,0,False
P03831,C108,CR0298,2025-09-27,youtube,long_form,42,194,204,204,0,False
P03832,C108,CR0314,2025-09-30,youtube,long_form,283,1411,1411,1411,0,False
P03833,C108,CR0314,2025-10-04,youtube,long_form,300,300,300,300,0,False
P03834,C108,CR0320,2025-10-03,youtube,short,95,162,162,162,0,False
P03835,C108,CR0325,2025-10-01,youtube,long_form,13,45,45,45,0,False
P03836,C108,CR0325,2025-10-04,youtube,short,12,12,12,12,0,False
P03837,C108,CR0402,2025-09-27,youtube,long_form,54,259,280,280,0,False
P03838,C108,CR0415,2025-09-27,youtube,long_form,675,1623,1695,1695,0,True
P03839,C108,CR0415,2025-10-01,youtube,short,133,251,251,251,0,False
P03840,C108,CR0415,2025-10-03,youtube,short,35,136,136,136,0,False
P03841,C108,CR0448,2025-09-29,youtube,short,13,75,75,75,0,False
P03842,C108,CR0452,2025-10-03,youtube,long_form,1267,3351,3351,3351,0,False
P03843,C108,CR0457,2025-10-01,youtube,long_form,148,524,524,524,0,False
P03844,C108,CR0470,2025-09-30,youtube,short,69,191,191,191,0,False
P03845,C108,CR0470,2025-10-02,youtube,long_form,45,158,158,158,0,False
P03846,C108,CR0472,2025-10-01,youtube,long_form,2161,21153,21153,21153,4400,False
P03847,C108,CR0478,2025-09-27,youtube,short,113,367,398,398,0,False
P03848,C108,CR0478,2025-09-30,youtube,short,114,363,363,363,0,False
P03849,C108,CR0481,2025-09-30,youtube,long_form,2612,8281,8281,8281,1100,False
P03850,C109,CR0084,2025-10-04,youtube,short,31,110,110,110,0,False
P03851,C109,CR0122,2025-09-28,youtube,long_form,37,129,129,129,0,False
P03852,C109,CR0346,2025-10-01,youtube,short,413,1344,1344,1344,200,False
P03853,C110,CR0004,2025-10-01,youtube,short,44,133,139,139,0,False
P03854,C110,CR0004,2025-10-08,youtube,short,43,418,922,922,0,False
P03855,C110,CR0004,2025-11-04,youtube,long_form,109,261,261,261,0,False
P03856,C110,CR0040,2025-11-04,youtube,short,923,1606,1606,1606,0,False
P03857,C110,CR0042,2025-10-23,youtube,short,26,104,266,266,0,False
P03858,C110,CR0049,2025-10-22,youtube,long_form,24,144,223,223,0,False
P03859,C110,CR0049,2025-11-01,youtube,long_form,46,139,139,139,0,False
P03860,C110,CR0083,2025-11-06,youtube,long_form,30,30,30,30,0,False
P03861,C110,CR0093,2025-10-22,youtube,long_form,622,2632,2975,2975,300,False
P03862,C110,CR0093,2025-11-06,youtube,long_form,732,732,732,732,0,False
P03863,C110,CR0115,2025-11-05,youtube,short,63,107,107,107,0,False
P03864,C110,CR0115,2025-11-06,youtube,long_form,70,70,70,70,0,False
P03865,C110,CR0116,2025-11-02,youtube,long_form,39,195,195,195,0,False
P03866,C110,CR0156,2025-10-20,youtube,long_form,38,238,275,275,0,False
P03867,C110,CR0200,2025-10-31,youtube,long_form,76,251,251,251,0,False
P03868,C110,CR0232,2025-11-05,youtube,long_form,242,476,476,476,0,False
P03869,C110,CR0301,2025-10-03,youtube,long_form,2552,10767,15526,15602,1300,False
P03870,C110,CR0301,2025-10-24,youtube,short,2367,7445,8268,8268,300,False
P03871,C110,CR0301,2025-10-27,youtube,short,2291,6288,6513,6513,300,False
P03872,C110,CR0301,2025-11-02,youtube,long_form,1448,4254,4254,4254,300,False
P03873,C110,CR0301,2025-11-03,youtube,long_form,2452,6320,6320,6320,300,False
P03874,C110,CR0303,2025-10-06,youtube,long_form,2113,10688,11924,11969,1300,False
P03875,C110,CR0303,2025-11-05,youtube,short,2211,5846,5846,5846,300,False
P03876,C110,CR0314,2025-11-05,youtube,long_form,542,3517,3517,3517,300,False
P03877,C110,CR0314,2025-11-06,youtube,long_form,671,671,671,671,0,False
P03878,C110,CR0325,2025-10-15,youtube,long_form,28,84,84,84,0,False
P03879,C110,CR0338,2025-10-03,youtube,short,16,35,35,35,0,False
P03880,C110,CR0338,2025-10-06,youtube,short,21,249,318,318,0,False
P03881,C110,CR0338,2025-10-27,youtube,long_form,28,146,156,156,0,False
P03882,C110,CR0338,2025-11-03,youtube,short,33,83,83,83,0,False
P03883,C110,CR0349,2025-10-29,youtube,long_form,348,1501,1691,1691,0,False
P03884,C110,CR0420,2025-10-31,youtube,short,104,794,794,794,0,False
P03885,C110,CR0444,2025-10-07,youtube,long_form,28,1407,2226,2226,300,True
P03886,C110,CR0452,2025-10-06,youtube,short,3103,17311,17311,17311,1300,False
P03887,C110,CR0452,2025-10-19,youtube,long_form,2519,15308,22311,22311,1300,False
P03888,C110,CR0470,2025-10-04,youtube,long_form,141,730,730,730,0,False
P03889,C110,CR0470,2025-10-08,youtube,short,116,1200,1855,1855,0,False
P03890,C110,CR0484,2025-10-22,youtube,short,2437,8243,9228,9228,300,False
P03891,C110,CR0484,2025-10-23,youtube,short,3500,14099,35522,35522,3200,False
P03892,C111,CR0040,2025-10-20,youtube,short,79,389,410,410,0,False
P03893,C111,CR0040,2025-10-21,youtube,short,1164,2346,2413,2413,0,True
P03894,C111,CR0041,2025-10-15,youtube,short,57,277,328,328,0,False
P03895,C111,CR0041,2025-10-23,youtube,short,29,204,204,204,0,False
P03896,C111,CR0048,2025-10-27,youtube,short,7,13,13,13,0,False
P03897,C111,CR0097,2025-10-27,youtube,short,1596,4622,4622,4622,0,False
P03898,C111,CR0097,2025-10-28,youtube,short,1889,2925,2925,2925,0,False
P03899,C111,CR0167,2025-10-29,youtube,long_form,12,12,12,12,0,False
P03900,C111,CR0213,2025-10-14,youtube,short,21,281,312,312,0,True
P03901,C111,CR0215,2025-10-24,youtube,short,88,593,593,593,0,False
P03902,C111,CR0215,2025-10-25,youtube,short,132,1028,1028,1028,0,False
P03903,C111,CR0401,2025-10-14,youtube,long_form,52,312,1369,1369,0,False
P03904,C111,CR0401,2025-10-16,youtube,long_form,58,214,224,224,0,False
P03905,C111,CR0408,2025-10-29,youtube,long_form,1306,1306,1306,1306,0,False
P03906,C111,CR0423,2025-10-21,youtube,short,8,35,35,35,0,False
P03907,C111,CR0459,2025-10-24,youtube,long_form,24,130,130,130,0,False
P03908,C111,CR0478,2025-10-27,youtube,short,51,114,114,114,0,False
P03909,C111,CR0480,2025-10-11,youtube,long_form,59,107,111,111,0,True
P03910,C111,CR0480,2025-10-18,youtube,short,15,147,159,159,0,True
P03911,C111,CR0480,2025-10-22,youtube,long_form,22,135,144,144,0,False
P03912,C112,CR0005,2025-10-25,instagram,reel,37,208,287,287,0,False
P03913,C112,CR0005,2025-10-27,instagram,carousel,35,971,1493,1493,0,False
P03914,C112,CR0008,2025-11-20,instagram,reel,16868,93742,93742,93742,3300,False
P03915,C112,CR0037,2025-11-11,instagram,carousel,48,142,193,193,0,False
P03916,C112,CR0037,2025-11-12,instagram,reel,58,227,233,233,0,False
P03917,C112,CR0046,2025-11-19,instagram,carousel,66,434,434,434,0,False
P03918,C112,CR0101,2025-10-23,instagram,reel,80,251,467,467,0,False
P03919,C112,CR0112,2025-11-18,instagram,reel,72,163,163,163,0,False
P03920,C112,CR0132,2025-10-31,instagram,carousel,94,589,660,660,0,False
P03921,C112,CR0151,2025-11-07,instagram,carousel,33,187,245,245,0,False
P03922,C112,CR0151,2025-11-14,instagram,reel,72,404,566,566,0,False
P03923,C112,CR0151,2025-11-23,instagram,carousel,42,72,72,72,0,False
P03924,C112,CR0152,2025-11-17,instagram,carousel,36,107,111,111,0,False
P03925,C112,CR0157,2025-11-13,instagram,carousel,756,2379,2603,2603,0,False
P03926,C112,CR0157,2025-11-19,instagram,carousel,821,2483,2483,2483,0,False
P03927,C112,CR0163,2025-11-04,instagram,carousel,206,1337,3246,3246,0,False
P03928,C112,CR0165,2025-10-24,instagram,reel,170,1115,1256,1256,0,False
P03929,C112,CR0165,2025-10-30,instagram,carousel,130,1860,2090,2090,0,False
P03930,C112,CR0214,2025-10-29,instagram,carousel,31,110,116,116,0,False
P03931,C112,CR0235,2025-11-18,instagram,carousel,1673,8596,8596,8596,0,False
P03932,C112,CR0235,2025-11-20,instagram,carousel,1052,3192,3192,3192,0,False
P03933,C112,CR0240,2025-11-09,instagram,carousel,39,375,492,492,0,False
P03934,C112,CR0240,2025-11-11,instagram,carousel,30,451,973,973,0,False
P03935,C112,CR0240,2025-11-14,instagram,reel,34,118,145,145,0,False
P03936,C112,CR0240,2025-11-18,instagram,carousel,44,227,227,227,0,False
P03937,C112,CR0242,2025-11-24,instagram,reel,26,26,26,26,0,False
P03938,C112,CR0255,2025-11-04,instagram,reel,63,944,7954,7954,0,False
P03939,C112,CR0255,2025-11-19,instagram,reel,40,106,106,106,0,False
P03940,C112,CR0255,2025-11-24,instagram,carousel,28,28,28,28,0,False
P03941,C112,CR0278,2025-11-10,instagram,carousel,7914,37810,47382,47382,3300,False
P03942,C112,CR0278,2025-11-20,instagram,carousel,14958,29328,29328,29328,3300,False
P03943,C112,CR0291,2025-11-10,instagram,carousel,21578,159078,361023,361023,13400,False
P03944,C112,CR0324,2025-10-25,instagram,reel,3233,42130,46203,46226,3300,True
P03945,C112,CR0326,2025-10-24,instagram,carousel,10893,37748,42558,42558,3300,False
P03946,C112,CR0348,2025-10-25,instagram,carousel,52,626,2470,2482,0,False
P03947,C112,CR0348,2025-10-27,instagram,carousel,83,258,258,258,0,False
P03948,C112,CR0348,2025-11-20,instagram,carousel,80,173,173,173,0,False
P03949,C112,CR0371,2025-10-30,instagram,carousel,4490,37674,42792,42792,3300,False
P03950,C112,CR0371,2025-11-01,instagram,carousel,7646,137190,151090,151090,13400,True
P03951,C112,CR0380,2025-10-29,instagram,reel,705,4224,4224,4224,0,False
P03952,C112,CR0380,2025-11-06,instagram,carousel,1337,4205,5325,5325,0,False
P03953,C112,CR0383,2025-10-22,instagram,carousel,65,589,799,799,0,False
P03954,C112,CR0427,2025-11-01,instagram,carousel,1827,9337,11808,11808,0,False
P03955,C112,CR0438,2025-11-09,instagram,carousel,2044,10265,11145,11145,0,False
P03956,C112,CR0438,2025-11-11,instagram,reel,2813,19947,19947,19947,0,False
P03957,C112,CR0439,2025-11-21,instagram,carousel,45,553,553,553,0,True
P03958,C112,CR0446,2025-10-26,instagram,carousel,55,121,129,129,0,False
P03959,C112,CR0446,2025-10-30,instagram,carousel,48,138,162,162,0,False
P03960,C112,CR0446,2025-11-09,instagram,carousel,40,466,870,870,0,False
P03961,C112,CR0458,2025-11-23,instagram,carousel,228,390,390,390,0,False
P03962,C112,CR0461,2025-11-07,instagram,carousel,71,252,358,358,0,False
P03963,C112,CR0491,2025-11-13,instagram,carousel,351,1954,2536,2536,0,False
P03964,C112,CR0491,2025-11-24,instagram,reel,1091,1091,1091,1091,0,False
P03965,C113,CR0003,2025-11-08,instagram,carousel,751,5695,19342,19342,1700,False
P03966,C113,CR0003,2025-11-11,instagram,reel,742,3150,18627,18627,1700,False
P03967,C113,CR0003,2025-11-26,instagram,carousel,583,1834,1834,1834,0,False
P03968,C113,CR0003,2025-11-29,instagram,carousel,537,1340,1340,1340,0,False
P03969,C113,CR0006,2025-11-23,instagram,carousel,204,1280,1516,1516,0,False
P03970,C113,CR0017,2025-11-12,instagram,carousel,172,540,742,742,0,False
P03971,C113,CR0039,2025-11-28,instagram,reel,1770,10369,10369,10369,1700,False
P03972,C113,CR0050,2025-11-28,instagram,carousel,607,2518,2518,2518,300,False
P03973,C113,CR0052,2025-11-28,instagram,carousel,70,262,262,262,0,False
P03974,C113,CR0052,2025-11-29,instagram,reel,143,793,793,793,0,False
P03975,C113,CR0059,2025-11-15,instagram,reel,196,613,1300,1300,0,False
P03976,C113,CR0064,2025-11-20,instagram,carousel,395,2465,7415,7415,800,False
P03977,C113,CR0064,2025-11-28,instagram,carousel,692,5901,5901,5901,800,False
P03978,C113,CR0067,2025-11-15,instagram,carousel,2349,9712,11562,11562,1700,False
P03979,C113,CR0067,2025-11-17,instagram,carousel,1621,6454,7753,7753,800,False
P03980,C113,CR0069,2025-11-12,instagram,carousel,1485,17812,19031,19031,1700,False
P03981,C113,CR0074,2025-11-29,instagram,reel,1060,1641,1641,1641,0,False
P03982,C113,CR0090,2025-11-16,instagram,carousel,46,279,378,378,0,False
P03983,C113,CR0100,2025-11-13,instagram,carousel,94,145,145,145,0,False
P03984,C113,CR0120,2025-11-16,instagram,carousel,1514,5599,11856,11856,1700,False
P03985,C113,CR0120,2025-11-20,instagram,reel,1182,3257,4336,4336,300,False
P03986,C113,CR0120,2025-11-24,instagram,reel,1175,3935,4508,4508,300,False
P03987,C113,CR0132,2025-11-06,instagram,carousel,297,1033,1227,1227,0,False
P03988,C113,CR0141,2025-11-16,instagram,carousel,249,1175,3477,3477,300,False
P03989,C113,CR0142,2025-12-02,instagram,carousel,285,285,285,285,0,False
P03990,C113,CR0161,2025-11-25,instagram,carousel,555,3884,4651,4651,300,False
P03991,C113,CR0164,2025-11-30,instagram,reel,1891,4193,4193,4193,300,False
P03992,C113,CR0168,2025-11-20,instagram,reel,1333,2210,2961,2961,300,True
P03993,C113,CR0168,2025-11-29,instagram,carousel,514,1010,1010,1010,0,True
P03994,C113,CR0168,2025-11-30,instagram,carousel,58,301,301,301,0,False
P03995,C113,CR0168,2025-12-02,instagram,reel,140,140,140,140,0,False
P03996,C113,CR0208,2025-11-17,instagram,carousel,1061,1904,1933,1933,0,True
P03997,C113,CR0227,2025-11-08,instagram,reel,896,2792,2988,2988,300,False
P03998,C113,CR0227,2025-11-16,instagram,carousel,891,2045,2233,2233,300,False
P03999,C113,CR0227,2025-11-24,instagram,carousel,461,1698,1916,1916,0,False
P04000,C113,CR0227,2025-12-01,instagram,reel,1084,1678,1678,1678,0,False
P04001,C113,CR0231,2025-11-04,instagram,carousel,184,1444,3907,3907,300,False
P04002,C113,CR0231,2025-11-09,instagram,carousel,121,507,1180,1180,0,False
P04003,C113,CR0233,2025-11-16,instagram,carousel,58,137,145,145,0,False
P04004,C113,CR0233,2025-11-21,instagram,reel,108,986,2162,2162,300,False
P04005,C113,CR0233,2025-12-02,instagram,reel,70,70,70,70,0,False
P04006,C113,CR0241,2025-12-01,instagram,carousel,52,89,89,89,0,False
P04007,C113,CR0242,2025-11-15,instagram,reel,53,330,407,407,0,False
P04008,C113,CR0242,2025-11-29,instagram,carousel,53,137,137,137,0,False
P04009,C113,CR0262,2025-11-05,instagram,carousel,25,88,108,108,0,False
P04010,C113,CR0273,2025-11-08,instagram,carousel,41513,554309,1162935,1162935,17000,False
P04011,C113,CR0279,2025-11-19,instagram,carousel,50,189,207,207,0,False
P04012,C113,CR0284,2025-11-23,instagram,reel,3937,16543,18305,18305,1700,False
P04013,C113,CR0290,2025-11-10,instagram,carousel,1931,8083,10336,10336,1700,False
P04014,C113,CR0290,2025-11-19,instagram,reel,2019,4264,4585,4585,300,False
P04015,C113,CR0290,2025-11-25,instagram,carousel,1508,7053,7208,7208,800,False
P04016,C113,CR0293,2025-11-21,instagram,reel,74,479,555,555,0,False
P04017,C113,CR0312,2025-11-26,instagram,carousel,28,129,129,129,0,False
P04018,C113,CR0312,2025-11-30,instagram,reel,60,111,111,111,0,False
P04019,C113,CR0318,2025-11-29,instagram,carousel,222,824,824,824,0,False
P04020,C113,CR0400,2025-11-10,instagram,reel,656,9036,18926,18926,1700,False
P04021,C113,CR0410,2025-11-12,instagram,carousel,185,1432,2113,2113,300,False
P04022,C113,CR0410,2025-11-15,instagram,reel,215,725,773,773,0,False
P04023,C113,CR0410,2025-11-18,instagram,carousel,153,544,603,603,0,False
P04024,C113,CR0410,2025-11-24,instagram,carousel,86,314,351,351,0,False
P04025,C113,CR0436,2025-11-08,instagram,carousel,6050,21428,22452,22452,1700,False
P04026,C113,CR0460,2025-11-07,instagram,carousel,2350,15301,15905,15905,1700,True
P04027,C113,CR0460,2025-11-18,instagram,carousel,10278,19010,19367,19367,1700,True
P04028,C113,CR0475,2025-11-20,instagram,reel,323,1719,2043,2043,300,False
P04029,C113,CR0475,2025-11-22,instagram,reel,532,2028,2221,2221,300,False
P04030,C113,CR0500,2025-11-22,instagram,reel,75,236,258,258,0,False
P04031,C114,CR0005,2025-11-18,instagram,reel,32,102,102,102,0,False
P04032,C114,CR0022,2025-11-06,instagram,carousel,52,179,211,211,0,False
P04033,C114,CR0027,2025-11-11,instagram,reel,314,5024,6867,6867,1200,False
P04034,C114,CR0030,2025-11-08,instagram,carousel,48,226,239,239,0,False
P04035,C114,CR0030,2025-11-13,instagram,carousel,35,196,278,278,0,False
P04036,C114,CR0039,2025-11-24,instagram,carousel,729,729,729,729,0,False
P04037,C114,CR0046,2025-11-15,instagram,carousel,27,677,851,851,0,False
P04038,C114,CR0109,2025-11-22,instagram,carousel,25,72,72,72,0,False
P04039,C114,CR0120,2025-11-20,instagram,carousel,547,2291,2291,2291,0,False
P04040,C114,CR0146,2025-11-09,instagram,reel,7720,42709,47678,47678,4700,False
P04041,C114,CR0147,2025-11-23,instagram,carousel,23,46,46,46,0,False
P04042,C114,CR0152,2025-11-05,instagram,reel,29,186,260,260,0,False
P04043,C114,CR0192,2025-11-20,instagram,carousel,2208,7401,7401,7401,1200,False
P04044,C114,CR0216,2025-11-08,instagram,reel,175,627,1124,1124,0,False
P04045,C114,CR0218,2025-11-24,instagram,reel,45,45,45,45,0,False
P04046,C114,CR0220,2025-11-23,instagram,carousel,863,1337,1337,1337,0,False
P04047,C114,CR0235,2025-11-15,instagram,carousel,1261,16682,20172,20172,4700,False
P04048,C114,CR0235,2025-11-23,instagram,carousel,1789,3515,3515,3515,0,False
P04049,C114,CR0239,2025-11-11,instagram,carousel,200,847,1070,1070,0,False
P04050,C114,CR0239,2025-11-13,instagram,carousel,131,772,1044,1044,0,False
P04051,C114,CR0244,2025-11-14,instagram,carousel,219,1324,1470,1470,0,False
P04052,C114,CR0274,2025-11-06,instagram,reel,290,1028,1028,1028,0,False
P04053,C114,CR0280,2025-11-18,instagram,reel,5890,17081,17081,17081,1200,False
P04054,C114,CR0362,2025-11-11,instagram,carousel,23,84,122,122,0,False
P04055,C114,CR0362,2025-11-15,instagram,reel,22,62,65,65,0,False
P04056,C114,CR0362,2025-11-19,instagram,reel,22,192,192,192,0,False
P04057,C114,CR0414,2025-11-20,instagram,carousel,562,2036,2036,2036,0,False
P04058,C114,CR0414,2025-11-23,instagram,carousel,345,590,590,590,0,False
P04059,C114,CR0414,2025-11-24,instagram,carousel,440,440,440,440,0,False
P04060,C114,CR0433,2025-11-10,instagram,reel,56,189,196,196,0,False
P04061,C114,CR0433,2025-11-21,instagram,carousel,41,198,198,198,0,False
P04062,C114,CR0464,2025-11-18,instagram,reel,208,1050,1050,1050,0,False
P04063,C114,CR0464,2025-11-19,instagram,reel,342,1489,1489,1489,0,False
P04064,C114,CR0464,2025-11-24,instagram,reel,215,215,215,215,0,False
P04065,C114,CR0466,2025-11-13,instagram,carousel,29,154,163,163,0,False
P04066,C114,CR0466,2025-11-22,instagram,carousel,35,130,130,130,0,False
P04067,C115,CR0002,2025-11-21,instagram,carousel,9,58,58,58,0,False
P04068,C115,CR0012,2025-11-20,instagram,carousel,35,275,275,275,0,False
P04069,C115,CR0047,2025-11-22,instagram,reel,78,161,161,161,0,False
P04070,C115,CR0050,2025-11-25,instagram,reel,218,373,373,373,0,False
P04071,C115,CR0056,2025-11-18,instagram,carousel,252,769,856,856,0,False
P04072,C115,CR0067,2025-11-21,instagram,reel,366,802,802,802,0,False
P04073,C115,CR0072,2025-11-24,instagram,carousel,91,201,201,201,0,False
P04074,C115,CR0141,2025-11-18,instagram,reel,133,975,1085,1085,0,False
P04075,C115,CR0171,2025-11-20,instagram,reel,50,392,392,392,0,False
P04076,C115,CR0177,2025-11-24,instagram,carousel,30,86,86,86,0,False
P04077,C115,CR0216,2025-11-25,instagram,carousel,24,41,41,41,0,False
P04078,C115,CR0244,2025-11-18,instagram,carousel,54,1004,2226,2226,0,False
P04079,C115,CR0244,2025-11-19,instagram,carousel,104,2681,3239,3239,0,False
P04080,C115,CR0244,2025-11-26,instagram,carousel,56,56,56,56,0,False
P04081,C115,CR0322,2025-11-21,instagram,carousel,83,250,250,250,0,False
P04082,C115,CR0337,2025-11-25,instagram,carousel,42,73,73,73,0,False
P04083,C115,CR0344,2025-11-18,instagram,carousel,7466,18052,19125,19125,0,False
P04084,C115,CR0344,2025-11-25,instagram,carousel,2982,21156,21156,21156,3400,False
P04085,C115,CR0348,2025-11-26,instagram,reel,42,42,42,42,0,False
P04086,C115,CR0377,2025-11-22,instagram,carousel,176,273,273,273,0,False
P04087,C115,CR0377,2025-11-24,instagram,reel,375,1392,1392,1392,0,False
P04088,C115,CR0377,2025-11-26,instagram,carousel,279,279,279,279,0,False
P04089,C115,CR0381,2025-11-25,instagram,carousel,10,17,17,17,0,False
P04090,C115,CR0381,2025-11-26,instagram,reel,26,26,26,26,0,False
P04091,C115,CR0388,2025-11-24,instagram,reel,46,247,247,247,0,False
P04092,C115,CR0394,2025-11-26,instagram,carousel,112,112,112,112,0,False
P04093,C115,CR0425,2025-11-26,instagram,reel,444,444,444,444,0,False
P04094,C115,CR0436,2025-11-20,instagram,carousel,1335,10816,10816,10816,0,False
P04095,C115,CR0446,2025-11-18,instagram,reel,14,163,177,177,0,False
P04096,C115,CR0458,2025-11-17,instagram,reel,86,408,428,428,0,False
P04097,C115,CR0458,2025-11-22,instagram,carousel,85,230,230,230,0,False
P04098,C115,CR0458,2025-11-24,instagram,carousel,60,154,154,154,0,False
P04099,C116,CR0009,2025-11-22,youtube,short,32,79,79,79,0,False
P04100,C116,CR0009,2025-11-24,youtube,short,20,71,146,146,0,False
P04101,C116,CR0009,2025-11-29,youtube,long_form,28,474,1804,1804,200,False
P04102,C116,CR0048,2025-12-18,youtube,long_form,31,210,263,263,0,False
P04103,C116,CR0066,2025-12-09,youtube,long_form,154,596,889,889,0,False
P04104,C116,CR0066,2025-12-19,youtube,long_form,114,296,304,304,0,False
P04105,C116,CR0073,2025-12-19,youtube,short,13400,38413,41579,41579,600,False
P04106,C116,CR0083,2025-12-02,youtube,short,24,77,157,157,0,False
P04107,C116,CR0083,2025-12-07,youtube,short,25,208,302,302,0,False
P04108,C116,CR0083,2025-12-08,youtube,long_form,36,126,242,242,0,False
P04109,C116,CR0122,2025-12-16,youtube,short,44,68,68,68,0,False
P04110,C116,CR0130,2025-11-22,youtube,short,99,339,754,767,0,False
P04111,C116,CR0130,2025-11-27,youtube,short,75,386,916,916,0,False
P04112,C116,CR0130,2025-12-09,youtube,short,114,348,348,348,0,False
P04113,C116,CR0148,2025-12-09,youtube,long_form,1237,29139,32656,32656,600,True
P04114,C116,CR0189,2025-12-03,youtube,long_form,39,203,991,991,0,False
P04115,C116,CR0189,2025-12-06,youtube,long_form,44,202,219,219,0,False
P04116,C116,CR0194,2025-12-19,youtube,short,9269,43437,44570,44570,600,False
P04117,C116,CR0219,2025-12-11,youtube,long_form,115,424,424,424,0,False
P04118,C116,CR0219,2025-12-12,youtube,long_form,92,634,922,922,0,False
P04119,C116,CR0236,2025-11-27,youtube,long_form,91,318,691,691,0,False
P04120,C116,CR0236,2025-11-29,youtube,long_form,59,882,1376,1376,200,False
P04121,C116,CR0236,2025-11-30,youtube,short,86,270,1146,1146,200,False
P04122,C116,CR0236,2025-12-01,youtube,long_form,79,918,1715,1715,200,False
P04123,C116,CR0236,2025-12-11,youtube,long_form,59,485,733,733,0,False
P04124,C116,CR0294,2025-12-14,youtube,long_form,47,1689,2149,2149,200,False
P04125,C116,CR0294,2025-12-18,youtube,long_form,50,649,693,693,0,False
P04126,C116,CR0408,2025-11-26,youtube,short,2225,3445,3445,3445,600,False
P04127,C116,CR0415,2025-12-22,youtube,short,52,126,126,126,0,False
P04128,C116,CR0417,2025-12-18,youtube,short,25,120,133,133,0,False
P04129,C116,CR0478,2025-12-23,youtube,short,153,940,940,940,0,False
P04130,C116,CR0479,2025-12-02,youtube,short,114,504,918,918,0,False
P04131,C116,CR0487,2025-11-28,youtube,short,61,287,317,317,0,False
P04132,C116,CR0494,2025-12-21,youtube,short,37,183,183,183,0,False
P04133,C116,CR0494,2025-12-24,youtube,long_form,28,73,73,73,0,False
P04134,C117,CR0014,2025-12-22,instagram,reel,185,756,957,957,0,False
P04135,C117,CR0026,2025-12-26,instagram,carousel,3177,17912,18549,18549,600,False
P04136,C117,CR0053,2025-12-21,instagram,reel,254,828,828,828,0,False
P04137,C117,CR0053,2025-12-27,instagram,carousel,56,175,184,184,0,False
P04138,C117,CR0085,2025-12-18,instagram,carousel,6185,26150,31699,31699,600,False
P04139,C117,CR0085,2025-12-22,instagram,reel,3236,19201,25181,25181,600,False
P04140,C117,CR0085,2025-12-23,instagram,carousel,4301,16885,18106,18106,600,False
P04141,C117,CR0127,2025-12-06,instagram,carousel,19883,65987,87131,87131,600,False
P04142,C117,CR0127,2025-12-21,instagram,carousel,40507,169629,204177,204177,600,False
P04143,C117,CR0149,2025-12-01,instagram,carousel,257,784,927,927,0,False
P04144,C117,CR0149,2025-12-09,instagram,carousel,266,928,1364,1364,100,False
P04145,C117,CR0149,2025-12-18,instagram,reel,239,644,887,887,0,False
P04146,C117,CR0160,2025-12-10,instagram,carousel,1633,5539,6128,6128,600,False
P04147,C117,CR0160,2025-12-13,instagram,carousel,2311,32362,53214,53214,600,False
P04148,C117,CR0183,2025-11-30,instagram,carousel,5513,34134,35568,35568,600,False
P04149,C117,CR0186,2025-12-10,instagram,reel,705,2684,8304,8304,600,False
P04150,C117,CR0186,2025-12-18,instagram,carousel,523,1874,2037,2037,100,False
P04151,C117,CR0187,2026-01-01,instagram,carousel,83,154,154,154,0,False
P04152,C117,CR0192,2025-12-01,instagram,carousel,4921,9102,9102,9102,600,False
P04153,C117,CR0192,2025-12-06,instagram,reel,3749,25719,37436,37436,600,False
P04154,C117,CR0259,2025-12-26,instagram,carousel,43,250,271,271,0,False
P04155,C117,CR0305,2025-12-14,instagram,carousel,48,241,431,431,0,False
P04156,C117,CR0344,2025-12-04,instagram,carousel,18341,60812,180262,189185,600,False
P04157,C117,CR0368,2025-12-11,instagram,carousel,186,2782,22634,22634,600,False
P04158,C117,CR0374,2025-12-21,instagram,reel,1688,3210,3545,3545,300,True
P04159,C117,CR0374,2025-12-22,instagram,reel,264,525,525,525,0,False
P04160,C117,CR0410,2025-12-24,instagram,carousel,99,557,716,716,0,False
P04161,C117,CR0421,2025-11-29,instagram,carousel,3750,97927,237443,245104,600,False
P04162,C117,CR0427,2025-12-05,instagram,carousel,1587,7468,375780,375780,600,False
P04163,C117,CR0427,2025-12-07,instagram,reel,1747,6195,6195,6195,600,False
P04164,C117,CR0427,2025-12-08,instagram,carousel,2129,6896,8845,8845,600,False
P04165,C117,CR0468,2025-12-03,instagram,carousel,60,510,798,801,0,False
P04166,C117,CR0471,2025-12-11,instagram,carousel,1390,2571,2571,2571,300,False
P04167,C118,CR0115,2025-12-18,youtube,long_form,60,194,228,228,100,False
P04168,C118,CR0116,2025-12-21,youtube,long_form,23,132,271,271,200,False
P04169,C118,CR0116,2025-12-22,youtube,short,35,106,275,275,200,False
P04170,C118,CR0122,2025-12-25,youtube,short,45,160,164,164,100,False
P04171,C118,CR0122,2026-01-01,youtube,long_form,35,96,109,109,100,False
P04172,C118,CR0180,2025-12-03,youtube,short,180,521,521,521,200,False
P04173,C118,CR0180,2025-12-12,youtube,long_form,254,577,684,684,200,False
P04174,C118,CR0180,2025-12-13,youtube,short,180,3478,5265,5265,200,False
P04175,C118,CR0180,2025-12-14,youtube,short,178,1488,8364,8364,200,False
P04176,C118,CR0180,2025-12-23,youtube,long_form,281,1313,2140,2140,200,False
P04177,C118,CR0180,2025-12-28,youtube,long_form,307,1250,2789,2789,200,False
P04178,C118,CR0194,2025-12-28,youtube,short,10033,29616,38875,38875,200,False
P04179,C118,CR0229,2025-12-25,youtube,long_form,905,6364,9575,9575,200,False
P04180,C118,CR0237,2025-12-25,youtube,long_form,27,76,76,76,0,False
P04181,C118,CR0237,2025-12-31,youtube,short,20,44,46,46,0,False
P04182,C118,CR0248,2026-01-07,youtube,short,123,442,442,442,200,False
P04183,C118,CR0270,2025-12-14,youtube,long_form,65,224,284,284,200,False
P04184,C118,CR0366,2026-01-05,youtube,short,245,1467,1467,1467,200,False
P04185,C118,CR0382,2025-12-18,youtube,long_form,201,468,484,484,200,True
P04186,C118,CR0382,2025-12-21,youtube,long_form,43,396,1963,1963,200,False
P04187,C118,CR0417,2026-01-05,youtube,long_form,36,114,114,114,100,False
P04188,C118,CR0456,2025-12-31,youtube,long_form,95,921,1308,1308,200,False
P04189,C118,CR0456,2026-01-07,youtube,short,77,358,358,358,200,False
P04190,C118,CR0469,2025-12-21,youtube,long_form,3728,49783,92817,92817,200,False
P04191,C118,CR0469,2025-12-23,youtube,long_form,2767,40801,105668,105668,200,False
P04192,C118,CR0469,2025-12-24,youtube,long_form,5461,45989,60152,60152,200,False
P04193,C118,CR0479,2025-12-09,youtube,long_form,170,903,1922,1922,200,False
P04194,C119,CR0008,2026-01-09,instagram,carousel,3547,6071,6071,6071,0,False
P04195,C119,CR0054,2025-12-15,instagram,carousel,145,5631,6415,6415,0,True
P04196,C119,CR0079,2026-01-04,instagram,reel,3258,14920,14920,14920,800,False
P04197,C119,CR0114,2026-01-02,instagram,reel,132,1893,2315,2315,0,False
P04198,C119,CR0125,2025-12-12,instagram,reel,17,60,67,67,0,False
P04199,C119,CR0149,2025-12-23,instagram,carousel,55,176,245,245,0,False
P04200,C119,CR0216,2026-01-05,instagram,reel,28,217,217,217,0,False
P04201,C119,CR0216,2026-01-08,instagram,reel,34,75,75,75,0,False
P04202,C119,CR0239,2025-12-26,instagram,carousel,66,370,403,403,0,False
P04203,C119,CR0243,2026-01-05,instagram,carousel,60,209,209,209,0,False
P04204,C119,CR0310,2026-01-05,instagram,carousel,6,18,18,18,0,False
P04205,C119,CR0312,2025-12-06,instagram,carousel,12,198,331,331,0,False
P04206,C119,CR0321,2025-12-29,instagram,carousel,11,253,282,282,0,True
P04207,C119,CR0339,2025-12-11,instagram,carousel,491,3202,7209,7209,0,False
P04208,C119,CR0360,2025-12-20,instagram,carousel,62,685,1773,1773,0,False
P04209,C119,CR0360,2026-01-10,instagram,carousel,105,105,105,105,0,False
P04210,C119,CR0388,2025-12-11,instagram,carousel,96,226,241,241,0,False
P04211,C119,CR0388,2026-01-07,instagram,carousel,43,345,345,345,0,False
P04212,C119,CR0389,2025-12-24,instagram,carousel,10,112,206,206,0,False
P04213,C119,CR0395,2026-01-08,instagram,carousel,27,57,57,57,0,False
P04214,C119,CR0395,2026-01-09,instagram,reel,26,70,70,70,0,False
P04215,C119,CR0436,2025-12-16,instagram,carousel,670,6435,6951,6951,0,False
P04216,C119,CR0438,2026-01-03,instagram,carousel,453,2357,2431,2431,0,False
P04217,C119,CR0438,2026-01-04,instagram,carousel,717,3339,3339,3339,0,False
P04218,C119,CR0440,2025-12-12,instagram,reel,26,163,401,401,0,False
P04219,C119,CR0440,2025-12-24,instagram,reel,34,330,361,361,0,False
P04220,C119,CR0440,2025-12-31,instagram,carousel,16,73,110,110,0,False
P04221,C119,CR0440,2026-01-01,instagram,carousel,26,58,61,61,0,False
P04222,C119,CR0445,2025-12-15,instagram,reel,373,8151,10959,10959,800,True
P04223,C120,CR0019,2025-12-09,instagram,carousel,99,402,402,402,0,False
P04224,C120,CR0050,2025-12-24,instagram,reel,307,1087,1087,1087,0,False
P04225,C120,CR0076,2025-12-09,instagram,reel,11004,34615,40544,40544,0,False
P04226,C120,CR0076,2025-12-16,instagram,carousel,10140,39160,45075,45075,0,False
P04227,C120,CR0090,2025-12-18,instagram,carousel,20,50,51,51,0,False
P04228,C120,CR0102,2025-12-24,instagram,carousel,11938,38195,38195,38195,0,False
P04229,C120,CR0126,2025-12-22,instagram,reel,810,4704,4704,4704,0,False
P04230,C120,CR0149,2025-12-26,instagram,carousel,137,269,269,269,0,False
P04231,C120,CR0158,2025-12-27,instagram,carousel,63,63,63,63,0,False
P04232,C120,CR0186,2025-12-18,instagram,carousel,185,565,601,601,0,False
P04233,C120,CR0186,2025-12-21,instagram,carousel,319,796,796,796,0,False
P04234,C120,CR0208,2025-12-25,instagram,carousel,188,337,337,337,0,False
P04235,C120,CR0220,2025-12-13,instagram,reel,1314,24553,62840,62840,6200,False
P04236,C120,CR0220,2025-12-20,instagram,reel,1741,14745,18873,18873,0,False
P04237,C120,CR0220,2025-12-27,instagram,carousel,1409,1409,1409,1409,0,False
P04238,C120,CR0225,2025-12-11,instagram,carousel,39,235,266,266,0,False
P04239,C120,CR0234,2025-12-24,instagram,carousel,19601,55592,55592,55592,6200,False
P04240,C120,CR0308,2025-12-15,instagram,carousel,181,779,922,922,0,False
P04241,C120,CR0308,2025-12-16,instagram,carousel,225,1371,1841,1841,0,False
P04242,C120,CR0326,2025-12-19,instagram,carousel,163395,304075,322921,322921,31000,True
P04243,C120,CR0326,2025-12-23,instagram,carousel,29080,64378,64378,64378,6200,False
P04244,C120,CR0326,2025-12-24,instagram,reel,14030,75546,75546,75546,6200,False
P04245,C120,CR0332,2025-12-21,instagram,carousel,2683,10591,10591,10591,0,False
P04246,C120,CR0332,2025-12-26,instagram,reel,2291,3921,3921,3921,0,False
P04247,C120,CR0339,2025-12-20,instagram,carousel,1461,2702,2702,2702,0,False
P04248,C120,CR0339,2025-12-21,instagram,reel,1885,8273,8273,8273,0,False
P04249,C120,CR0367,2025-12-16,instagram,carousel,36,474,632,632,0,False
P04250,C120,CR0371,2025-12-16,instagram,carousel,6200,30443,31901,31901,0,False
P04251,C120,CR0474,2025-12-22,instagram,carousel,432,947,947,947,0,False
